StateCode,DistrictCode,BlockCode,GramPanchayatCode,Name
5,45,352,20604,ALAIE SUPYAL अलाई सुपयाल
5,45,352,20605,BABURIYA NAYAL बबुरिया नयाल
5,45,352,20606,BAMAN TILADI बामन तिलाड़ी
5,45,352,20607,BHAISIYA CHHANA भैसिया छाना
5,45,352,20608,BHETABARIYA भेटाबारिया
5,45,352,20609,BORDA बोर्डा
5,45,352,20610,BUNGA बुंगा
5,45,352,20611,CHANOLI चनौली
5,45,352,20612,CHHANI छानी
5,45,352,20613,DALAKOT डालाकोट
5,45,352,20614,DASHO दाशो
5,45,352,20615,DEWARA देवारा
5,45,352,20616,DHOL NAILEE ढोल नैली
5,45,352,20617,GHUNYOLI घुन्योली
5,45,352,20618,DIGOLI डिगोली
5,45,352,20619,DIYARI दीयारी
5,45,352,20620,DUNGERLEKH डुंगरलेख
5,45,352,20621,DUNGARI डूंगरी
5,45,352,20622,HARADA हराडा
5,45,352,20623,HATOLA हटोला
5,45,352,20624,JINGAL जिंगल
5,45,352,20625,JOGYUDA DALAKOT जोग्यूडा डालाकोट
5,45,352,20626,KALON कलोन
5,45,352,20627,KANCHULA कांचुला
5,45,352,20628,KHAKARIGOOTH खाकरीगूठ
5,45,352,20629,KHAS TILADI खास तिलाड़ी
5,45,352,20630,KUNJVERGAL कुंजवर्गल
5,45,352,20631,KUMOLI कुमोली
5,45,352,20632,KUNJ KIMOLA कुंज किमोला
5,45,352,20633,KUNJ RAOTADA कुंज राओताडा
5,45,352,20634,LIGUDTA लिगुड्टा
5,45,352,20635,NAYOLI न्योली
5,45,352,20636,NAINI नैनी
5,45,352,20637,NALI MALLI नाली मल्ली
5,45,352,20638,NALI TALLI नाली तल्ली
5,45,352,20639,NAUGAON नौगांव
5,45,352,20640,PALYOUN पलयौं
5,45,352,20641,PANDEY TOLI पांडे टोली
5,45,352,20642,PETSHAL पेटशाल
5,45,352,20643,PHABIYA फाबिया
5,45,352,20644,PUNA KOT पुना कोट
5,45,352,20645,SALLA सैला
5,45,352,20646,SALLA BHATKOT सल्ला भटकोट
5,45,352,20647,SALUDI सालुडी
5,45,352,20648,SEAL सील
5,45,352,20649,SIMKHALIYA सिमखलिया
5,45,352,20650,SUPAI सुपाई
5,45,352,20651,THIKLANA ठिकलाना
5,45,352,20652,TRINELI त्रिनेलि
5,45,353,20653,AMOLI अमौली
5,45,353,20654,BAGDWAR बागद्वार
5,45,353,20655,BAJAN बाजन
5,45,353,20656,BAMAN CHAOUNA बामन चौना
5,45,353,20657,BAMIYOLI बमियोली
5,45,353,20658,BELTI बेल्ती
5,45,353,20659,BASOOT बासूत
5,45,353,20660,BAULI बौंली
5,45,353,20661,BHANTI भंती
5,45,353,20662,BHASI KAFLANI भसी कफलानी
5,45,353,20663,BHAUNALI भौनाली
5,45,353,20665,BINAULI बिनौली
5,45,353,20666,BUDHAULI बुधौली
5,45,353,20667,BUNGANAURAR बंगनौरर
5,45,353,20668,CHANOLI चनौली
5,45,353,20669,CHONIYA चोंनिया
5,45,353,20670,CHORA चोरा
5,45,353,20671,CHOURA चौरा
5,45,353,20672,DADULI दादौली
5,45,353,20673,DAHAL दहल
5,45,353,20674,DALMODI दालमोडी
5,45,353,20675,DANGAR KHOLA डंगर खोला
5,45,353,20676,DANPOO डैनपू
5,45,353,20677,DHYOUNA द्यौना
5,45,353,20678,DHAMEDA धमेड़ा
5,45,353,20679,DHANOLI धनौली
5,45,353,20680,DHARAD धराड़
5,45,353,20681,DHUNGA ढूंगा
5,45,353,20682,DOLA डोला
5,45,353,20683,DUMNA डुमना
5,45,353,20684,FALSOUN फ़ालसून
5,45,353,20685,GAIRGAON गैरगांव
5,45,353,20686,GANGODA गंगोड़ा
5,45,353,20687,GHUGHUTI घुघूती
5,45,353,20688,GUJARGADI गुजरगढ़ी
5,45,353,20689,HARNOULI हरनौली
5,45,353,20690,HAUOOLI हौली
5,45,353,20691,INDA इंदा
5,45,353,20692,INALO इनालो
5,45,353,20693,JAINAL जैनल
5,45,353,20694,JAITHA जैथा
5,45,353,20695,JALALI जलाली
5,45,353,20696,JAMOLI जामोली
5,45,353,20697,JHARKOTE झारकोट
5,45,353,20698,KAMRAD कामराड
5,45,353,20699,KHADKHET खड़खेत
5,45,353,20700,KHANOLIYA खनोलिया
5,45,353,20701,KHARAK खड़क
5,45,353,20702,KHURORI खुरोरी
5,45,353,20703,KHURUDI खुरुदी
5,45,353,20704,KOT ASHWAL कोट अश्ववाल
5,45,353,20705,KOTYAG कोत्याग
5,45,353,20706,LOOKOT देखो
5,45,353,20707,MAHAR TANA महर ताना
5,45,353,20708,MASOU मासौ
5,45,353,20709,MATELA मटेला
5,45,353,20710,MAYOLI मयोली
5,45,353,20711,MEHAR NAIL मेहर नेल
5,45,353,20712,MOHANARI मोहनारी
5,45,353,20713,MUNIYA CHORA मुनिया चोरा
5,45,353,20714,NAGARJUN नागार्जुन
5,45,353,20715,NAIKANA नैकाणा
5,45,353,20716,NAIL usy
5,45,353,20717,NIGRALI निगराली
5,45,353,20718,NIRKOT निरकोट
5,45,353,20719,NOGHRIYA नोघरिया
5,45,353,20720,NOU GOUN नो गौन
5,45,353,20721,NOUBADA नौबड़ा
5,45,353,20722,NOULA नौला
5,45,353,20723,PADYULA पड्युला
5,45,353,20724,PALI पाली
5,45,353,20725,PANT GOUN iUr xk¡o
5,45,353,20726,PATAS पाटास
5,45,353,20727,PIPAL GOUN पीपल xk¡o
5,45,353,20728,RIGDIYA रिगदिया
5,45,353,20729,RIKHADI रिखड़ी
5,45,353,20730,RIKHAR रिखर
5,45,353,20731,RUPANOULI रूपनौली
5,45,353,20732,SANANEY सननी
5,45,353,20733,SEEM lhe
5,45,353,20734,SINGOLI सिंगोली
5,45,353,20735,SINOURA सिनौरा
5,45,353,20736,SILANG सिलंग
5,45,353,20737,SINAR सिनार
5,45,353,20738,SIRMOLI सिरमोली
5,45,353,20739,SOOLI सूली
5,45,353,20740,SOONI सूनी
5,45,353,20741,SOURE lkSjh
5,45,353,20742,SRIKOT श्रीकोट
5,45,353,20744,SURE lksj
5,45,353,20745,TAKULTI ताकुल्टी
5,45,353,20746,THAPALA थापला
5,45,353,20747,THIROLI थिरोली
5,45,353,20748,PALI THOULI पाली थौली
5,45,353,20749,UAGALIYA उगलिया
5,45,353,20750,UNULI muqfy
5,45,354,20751,AAGAR MANRAL आगर मनराल
5,45,354,20752,AAMSEYARI आमसेयारी
5,45,354,20753,ADHIGRAM KNORIYA अधिग्राम नोरिया
5,45,354,20754,ADIGRAM FULORIA आदिग्राम फुलोरिया
5,45,354,20755,"ASETI ,,bZVh vkbZ"
5,45,354,20756,BAERATI बैराटी
5,45,354,20757,BAGARI बागरी
5,45,354,20758,BAGWALI KHET बागवाली खेत
5,45,354,20759,BAIES AOKHALA बेइज़ औखला
5,45,354,20760,BAMAN GAON बामन गांव
5,45,354,20761,BARAL GAON बरालगांव
5,45,354,20762,BASAR KHET बसर खेत
5,45,354,20763,BASBIRA बसबिरा
5,45,354,20764,BHAGOTI भगोती
5,45,354,20765,BAKHALI बाखली
5,45,354,20766,BHANOTIYA भनोटिया
5,45,354,20767,BHATTKOT भट्टकोट
5,45,354,20768,BHELT GAON भेल्ट गाँव
5,45,354,20769,BOHARA GAON बोहरा गांव
5,45,354,20770,CHANA चना
5,45,354,20772,CHANI चानी
5,45,354,20773,CHAUNA चौना
5,45,354,20774,CHINONI चिनोनी
5,45,354,20775,DANG डांग
5,45,354,20776,CHITAELI चितैली
5,45,354,20777,CHITAR चितर
5,45,354,20778,CHULAERASEM चुलेरासेम
5,45,354,20779,DANTOLA दंतोला
5,45,354,20781,DHANAN धनन
5,45,354,20782,DHOUN धौन
5,45,354,20784,DHUDLIYA MANRAL धुडलिया मनराल
5,45,354,20786,FADIKA फ़डिका
5,45,354,20788,GAJAR गाजर
5,45,354,20790,GARAD गराड
5,45,354,20791,GARDSIYARI गार्डस्यारी
5,45,354,20792,GAWALI गावली
5,45,354,20793,GOGTA गोगता
5,45,354,20794,GOPAL GAON गोपाल गाँव
5,45,354,20795,HAT gSV
5,45,354,20796,JAETA जेता
5,45,354,20797,JALA जला
5,45,354,20798,JAMDIYA जामड़िया
5,45,354,20799,JATUWA जतुवा
5,45,354,20800,JHURANGA झुरंगा
5,45,354,20801,KABDOLA कबडोला
5,45,354,20802,KABDOLI कबडोली
5,45,354,20803,KAKAD KHET काकड़ खेत
5,45,354,20804,KANOLI TALLI कनौली तल्ली
5,45,354,20805,KANHONI कन्होनी
5,45,354,20806,KANRE कनरे
5,45,354,20807,KATYURA TAL कत्य्यूरा ताल
5,45,354,20808,KHAJU RANI खाजू रानी
5,45,354,20809,KHANULI खनूली
5,45,354,20810,KHARKATIYA खरकटिया
5,45,354,20811,KHATIYARI खटियारी
5,45,354,20812,KHEDA खेड़ा
5,45,354,20813,KOTYURA MASI कोत्युरा मासी
5,45,354,20814,LALURI लालूरी
5,45,354,20815,MADKU BHAKHAL मदकू भाखल
5,45,354,20816,MAHAL CHAURA महल चौरा
5,45,354,20817,MAHAT GAON महत गांव
5,45,354,20818,TAJPUR MALLA ताजपुर मल्ला
5,45,354,20819,MASI मासी
5,45,354,20820,MOHANA मोहन
5,45,354,20821,NAGHAD नागहद
5,45,354,20822,NAUGAON नौगांव
5,45,354,20823,AKHODIYA NAUGAON अखोदिया नौगांव
5,45,354,20824,NAUGAON BADIYA नौगांव बड़िया
5,45,354,20825,NYONI uS;ksuh
5,45,354,20826,PAILI पैली
5,45,354,20827,PAN iu
5,45,354,20828,PATAL GAON पाताल गांव
5,45,354,20829,PIPAL DHAR पीपल धार
5,45,354,20830,PUNIYA BAGARD पुनिया बगड़
5,45,354,20831,QUARALI क्वैराली
5,45,354,20832,RAMPUR रामपुर
5,45,354,20833,REETA CHAURA रीता चौरा
5,45,354,20834,SEEMA सीमा
5,45,354,20835,SIMAL KHET सिमल खेत
5,45,354,20836,SIRA सिरा
5,45,354,20837,SIROLI सिरोली
5,45,354,20838,SONGAON सोनगांव
5,45,354,20839,SUENGARI सुएंगारी
5,45,354,20840,SUNARIKHARI सुनारीखरी
5,45,354,20841,TAJPUR TALLA ताजपुर तल्ला
5,45,354,20842,TATAL GAON तत्तल गाँव
5,45,354,20843,TERA GAON तेरा गांव
5,45,354,20844,THAPLA थापला
5,45,354,20845,TIMTA टिम्टा
5,45,354,20846,UOCHA WAHAN उओचा वहां
5,45,354,20847,UODILIKHAN उओदीलिखान
5,45,354,20848,ULAINI उलैनी
5,45,355,20849,AARA SALPAR आरा सलपर
5,45,355,20850,AARCHALI अरचली
5,45,355,20851,ANDOLI अंदौली
5,45,355,20852,ANOLI अनोली
5,45,355,20853,BAJELA बजेला
5,45,355,20854,BALIKHET बालीखेत
5,45,355,20855,BALSUNA बलसुना
5,45,355,20856,BAMAN SWAL बामन स्वाल
5,45,355,20857,BAN THOKE बैन ठोके
5,45,355,20858,BARTOLI बारतोली
5,45,355,20859,BASAN बासन
5,45,355,20860,BASOLI बसोली
5,45,355,20861,BEENA chuk
5,45,355,20862,BELAK बेलाक
5,45,355,20863,BHAGAR TOLA भागर टोले
5,45,355,20864,BHANOLI भनौली
5,45,355,20865,BHANTA BAROLI भंटा बरौली
5,45,355,20866,BHASARI भसारि
5,45,355,20867,BIRKOLA बिरकोला
5,45,355,20868,CHAGETHI चागेथी
5,45,355,20869,CHALTHI चल्थी
5,45,355,20870,CHAM TOLA चाम टोले
5,45,355,20871,CHAMI pkeh
5,45,355,20872,CHAMUA KHALSA चमुआ खालसा
5,45,355,20873,CHAUN DUNGARI चौन डूंगरी
5,45,355,20874,CHAURA चौरा
5,45,355,20875,CHAUSALA चौसाला
5,45,355,20876,CHIL चिल
5,45,355,20877,DANYA डैन्या
5,45,355,20878,DASEELI डसीली
5,45,355,20879,DASOULA BADIYAR दसौला बडियार
5,45,355,20880,DAULI GARH डौली गढ़
5,45,355,20881,DHAR धार
5,45,355,20882,DHURA धूरा
5,45,355,20883,DIYAR KHOLI दियार खोली
5,45,355,20884,DUNAR दुनार्
5,45,355,20885,DUNGRA डुंगरा
5,45,355,20886,DYOTLI GOONTH द्योतली गूंथ
5,45,355,20887,FALTIYA फल्तिया
5,45,355,20888,FALYAT फल्याट
5,45,355,20889,FULAI JAGESHWAR फुलई जागेश्वर
5,45,355,20890,GAIRAR MALLA xSjkM+ eYyk
5,45,355,20891,GAIRAR TALLA xSjkM+ rYyk
5,45,355,20892,GALLI xYyh
5,45,355,20893,GAULI गौली
5,45,355,20894,GHUSPER गस्पर
5,45,355,20895,GIRCHAULA गिरचौला
5,45,355,20896,GUNADITY गुनाडिटी
5,45,355,20897,GURURA BANJ गुरुरा बांज
5,45,355,20898,JIGOLITOLI जिगोलिटोली
5,45,355,20899,KABHARI काभारी
5,45,355,20900,KACHHIYOLA कछियोला
5,45,355,20901,KAFALI कफाली
5,45,355,20902,KALAUTA कलौता
5,45,355,20903,KANA काना
5,45,355,20904,KASERMANYA कसरमनिया
5,45,355,20905,KHAURI खौरी
5,45,355,20906,KHETI खेती
5,45,355,20907,KHOLA खोला
5,45,355,20908,KOL कोल
5,45,355,20909,KOLA कोला
5,45,355,20910,KOTALI GONTH कोटाली गोंथ
5,45,355,20911,KUMAR कुमार
5,45,355,20912,KUNJ GONTH कुंज गोंठ
5,45,355,20913,LWETA LUDFORA लेवेटा लुडफोरा
5,45,355,20914,MAHERA GAON महेरागांव
5,45,355,20915,MALAR मलार
5,45,355,20916,MANIAGAR मनियागर
5,45,355,20917,MANTOLA GOONTH मंटोला गूंथ
5,45,355,20918,MANU मनु
5,45,355,20919,MARAM मारम
5,45,355,20920,MATKANYA मटकन्या
5,45,355,20921,MAYOLI मयोली
5,45,355,20922,MEL GAON मेल गांव
5,45,355,20923,MELTAJOL मेल्टाजोल
5,45,355,20924,NAILPAR नेलपार
5,45,355,20925,NAINOLI नैनोली
5,45,355,20926,NAKOTE नाकोटे
5,45,355,20927,NAU GAON नौगांव
5,45,355,20928,NAYAL नायल
5,45,355,20929,NAYAL DHURA नयाल धुरा
5,45,355,20930,PALARI GOONTH पलारी गुंठ
5,45,355,20931,PALI पाली
5,45,355,20932,DORAMPALOLI दोरामपालोली
5,45,355,20933,PAP GARH iki xkM+
5,45,355,20934,PAPOLI पपोली
5,45,355,20935,POKHARI पोखरी
5,45,355,20936,QWERALI क्वेराली
5,45,355,20937,RAUL राउल
5,45,355,20938,SELA सेला
5,45,355,20939,SELAKOT सेलाकोट
5,45,355,20940,SELI सेली
5,45,355,20941,SINDHIA MALLA सिन्धिया मल्ल
5,45,355,20942,SIRAULA सिरौला
5,45,355,20943,TALER BHAINA तलेर भैना
5,45,355,20944,TARKOTE तारकोटे
5,45,355,20945,THALI थाली
5,45,356,20946,AINA आइना
5,45,356,20947,ALMIYA GAON अल्मिया गांव
5,45,356,20948,ARARI अरारी
5,45,356,20949,ASHGOLI अशगोली
5,45,356,20950,BABAN बबन
5,45,356,20951,BABUR KHOLA बाबर खोला
5,45,356,20952,BAINALI बैनैली
5,45,356,20953,BAMANPURI बमनपुरी
5,45,356,20954,BANOLI बनौली
5,45,356,20955,BARETA बरेटा
5,45,356,20956,BARI बारी
5,45,356,20957,BASERA बसेरा
5,45,356,20958,BASULI SERA बसौली सीरा
5,45,356,20959,BAYALA बयाला
5,45,356,20960,BEDHULI बेढौली
5,45,356,20961,BHAISOLI भैसौली
5,45,356,20962,BHANDAR GAON भंडारगांव
5,45,356,20963,BHAT KOTE भट कोटे
5,45,356,20964,BHET भेट
5,45,356,20965,BHATORA भतौरा
5,45,356,20966,BHUMKIYA भुमकिया
5,45,356,20967,BINTA बिंटा
5,45,356,20968,BITAR KOT बिटार कोट
5,45,356,20969,BUNGA टैग:
5,45,356,20970,CHAMINI चामिनी
5,45,356,20971,CHANA चना
5,45,356,20972,CHATENA चैटेना
5,45,356,20973,CHATGULA चटगुला
5,45,356,20974,CHAYALI चायली
5,45,356,20975,CHHABISA छबीसा
5,45,356,20976,DADGALIYA ददगलिया
5,45,356,20977,DAINA डायना
5,45,356,20978,DAIRI Mkjh
5,45,356,20979,DALMOTI दलमोती
5,45,356,20980,DARMAR दारमार
5,45,356,20981,DAULARH GUNTH दौलारह गुंथ
5,45,356,20982,DHANKHAL GAON धनखालगांव
5,45,356,20983,DHANKHOLI धनखोली
5,45,356,20984,DHANYARI धनयारी
5,45,356,20985,DHARAM GAON धरम गांव
5,45,356,20986,DUDHOLI दुधौली
5,45,356,20987,DIDA दीदा
5,45,356,20988,DIGOTI डिगोटी
5,45,356,20989,DOTOL GAON डॉटोल गांव
5,45,356,20990,EADA ईएडीए
5,45,356,20991,EADA SERA ईडा सेरा
5,45,356,20992,FALDWARI फाल्दवारी
5,45,356,20993,GANOLI गनौली
5,45,356,20994,GAWAR गवार
5,45,356,20995,GHANGLAURI घांघलौरी
5,45,356,20996,GUPTALI गुप्ताली
5,45,356,20997,JAKH जाख
5,45,356,20998,JAMAR जमार
5,45,356,20999,JAMINIPAR जामिनीपार
5,45,356,21000,JAMINIWAR जामिनीवार
5,45,356,21001,KAMA dkek
5,45,356,21002,KANDE कंडे
5,45,356,21003,KAPHARA कफ़रा
5,45,356,21004,KAULA TALLA कौला तल्ला
5,45,356,21005,KHALANA खलाना
5,45,356,21006,KOTILLA कोटिला
5,45,356,21007,KUAIE dqbZ
5,45,356,21008,KULSIBI कुलसिबि
5,45,356,21009,KUMMALT कुम्माल्ट
5,45,356,21010,KUNA कुना
5,45,356,21011,KUNSIYAARI कुनस्यारी
5,45,356,21012,KUNTHYARI कुंथ्यारी
5,45,356,21013,KUWALI कुवाली
5,45,356,21014,MAHAT GAON महत गांव
5,45,356,21015,MAJETHI मजेठी
5,45,356,21016,MALLI BITHOLI मल्ली बिठौली
5,45,356,21017,MALLI KIRAULI मल्ली किरौली
5,45,356,21018,MALLI MIRAI मल्ली मिराई
5,45,356,21019,MALYAL GAON मलयाल गाँव
5,45,356,21020,MANELA मानेला
5,45,356,21021,MASAR मासर
5,45,356,21022,MATELA-I मटेला-I
5,45,356,21023,MATELA-II मटेला-द्वितीय
5,45,356,21024,MELTA मेल्टा
5,45,356,21025,MUJHOLI मझौली
5,45,356,21026,NAINI नैनी
5,45,356,21027,NAINII नैनी
5,45,356,21028,NAIRI 2 नैरी 2
5,45,356,21029,NATA GUALI नाता गुआली
5,45,356,21030,NAULA KOT नौला कोट
5,45,356,21031,NAYAL-I नायल-I
5,45,356,21032,NAYAL-II नायल-द्वितीय
5,45,356,21033,ORCHAUNALIYA ओरचौनलिया
5,45,356,21034,PAGSHA पगशा
5,45,356,21035,PAITHANI ikBuh
5,45,356,21036,PANER GAON पनेर गांव
5,45,356,21037,PARKOT पार्ककोट
5,45,356,21038,PINOLI पिनोली
5,45,356,21039,RANA राणा
5,45,356,21040,RATKHAL रतखाल
5,45,356,21041,RAWAL SERA रावल सेरा
5,45,356,21042,RIUNI TALLI रिउनी तल्ली
5,45,356,21043,RAVARI रावरी
5,45,356,21044,RIYUNI MALLI रियुनी मल्ली
5,45,356,21045,SAKUNI सकुनि
5,45,356,21046,SALANA सलाना
5,45,356,21047,SALLI SUNOLLI सल्ली सुनोली
5,45,356,21048,SATINAU GAON सातिनौ गांव
5,45,356,21049,SIMAL GAON सिमल गांव
5,45,356,21050,SIMOLI सिमोली
5,45,356,21051,TALLA SURANA तल्ला सुराना
5,45,356,21052,SUTAR GAON सुतार गांव
5,45,356,21053,TALLI BITHOLI तल्ली बिठौली
5,45,356,21054,TALLI KAHALI तल्ली कहली
5,45,356,21055,TALLI MIRAI तल्ली मिराई
5,45,356,21056,TIPOLA टिपोला
5,45,356,21057,TODHARA टोडहारा
5,45,356,21058,UROLI उरोली
5,45,356,21059,VIJAY PUR विजयपुर
5,45,356,21060,WALNA वाल्ना
5,45,357,21061,MATELA (AGHAR) मटेला (आघर)
5,45,357,21062,BADGAL BHATT बदगल भट्ट
5,45,357,21063,BADGAL RAUTELA बदगल रौतेला
5,45,357,21064,BAJGAL बजगल
5,45,357,21065,GOLANAKARIDIYA गोलानाकारिड़िया
5,45,357,21066,BALTA बाल्टा
5,45,357,21067,BANGSAR बंगसर
5,45,357,21068,BARSEEMI (LODHIA)-2 बरसीमी (लोधिया)-2
5,45,357,21069,BARSEEMI 1 बरसीमी 1
5,45,357,21070,BASAR बसर
5,45,357,21071,BASGAON बासगांव
5,45,357,21072,BEH बीईएच
5,45,357,21073,BHALYURA भल्यूरा
5,45,357,21074,BHANAR GAON भनारगांव
5,45,357,21075,BHATNAYAL JYULA भटनयाल ज्यूला
5,45,357,21076,BIMAULA बिमौला
5,45,357,21077,BINTOLA बिनटोला
5,45,357,21078,BIRORA बिरौरा
5,45,357,21079,CHAMPA चंपा
5,45,357,21080,CHAN चान
5,45,357,21081,CHAUNA चौना
5,45,357,21082,CHAUSALI चौसाली
5,45,357,21083,CHHANA छाना
5,45,357,21084,CHINONA चिनोना
5,45,357,21085,CHITAYI PANT चिताई पंत
5,45,357,21086,CHITAYI TIWARI चितायी तिवारी
5,45,357,21087,DAL दाल
5,45,357,21088,DANGI KHOLA दांगी खोला
5,45,357,21089,DARIM KHOLA दारिम खोला
5,45,357,21090,DEWALI देवाली
5,45,357,21091,DEWALI KHAN देवाली KHAN
5,45,357,21092,DHAILI धैली
5,45,357,21093,DHAMAS धामस
5,45,357,21094,DHARI धरी
5,45,357,21095,DHATWAL GAON ढटवाल गाँव
5,45,357,21096,DOBA डोबा
5,45,357,21098,FALSEEMA फलसीमा
5,45,357,21099,FARKA फरका
5,45,357,21100,GADHWALI गढ़वाली
5,45,357,21101,GALLI BASYURA गली बस्युरा
5,45,357,21102,GAR GUTH गार गुथ
5,45,357,21103,GAWAL KOT गावलकोट
5,45,357,21104,GADHOLI गढ़ौली
5,45,357,21105,GHANELI घनेली
5,45,357,21106,GHURSU घुर्सू
5,45,357,21107,GURNA गुरना
5,45,357,21108,HAWALBAG हवालबाग
5,45,357,21109,JHASER TANA झसेर ताना
5,45,357,21110,JOYOLI ( HAWALBAG) जोयोली (हवालबाग)
5,45,357,21111,JOYOLI(SILANG) जोयोली(सिलंग)
5,45,357,21112,JUR KAFUN जुर कफुन
5,45,357,21113,JUYLA जुयला
5,45,357,21114,KAFALKOT कफलकोट
5,45,357,21115,KANAL BUNGA कनाल बुंगा
5,45,357,21116,KANELI कनेली
5,45,357,21117,KASUN कसुन
5,45,357,21118,KATARMAL कटारमल
5,45,357,21119,KAYALA कायला
5,45,357,21120,KESTA केस्टा
5,45,357,21121,KHAI KATTA खाई कट्टा
5,45,357,21122,KHATYARI खत्यारी
5,45,357,21123,KHOONT खूंट
5,45,357,21124,KHORI खोरी
5,45,357,21125,KOTULI कोतुली
5,45,357,21126,KUJARI कुजरी
5,45,357,21127,KURCHOUN कुरचौन
5,45,357,21128,KUT GOLI कुट गोली
5,45,357,21129,KWAIRALA क्वैराला
5,45,357,21130,LAAT लाट
5,45,357,21131,MAAT माट
5,45,357,21132,MAHAT GAON महत गाँव
5,45,357,21133,MAICHOR माईचोर
5,45,357,21134,MAIGARI eSxjh
5,45,357,21135,MAINI PANCH GAON मैनी पंच गांव
5,45,357,21136,MALL मॉल
5,45,357,21137,MANAUN मनौन
5,45,357,21138,MATELA 1 मटेला 1
5,45,357,21139,MATENA मटेना
5,45,357,21140,MEHALA मेहला
5,45,357,21141,NAINOLI नैनोली
5,45,357,21142,NAKOT नाकोट
5,45,357,21143,NAULA नौला
5,45,357,21144,ODLA ओडीएलए
5,45,357,21145,PAKHURA पाखुरा
5,45,357,21146,PAN KOT पैन कोट
5,45,357,21148,PATHAR KOT पत्थरकोट
5,45,357,21149,PATHURA पथुरा
5,45,357,21150,PILKHA पिलखा
5,45,357,21151,PITHONI पिठौनी
5,45,357,21152,POKHARI पोखरी
5,45,357,21154,RAILAKOT रेलकोट
5,45,357,21155,RAINGAL रेनगाल
5,45,357,21156,RAMANA रमण
5,45,357,21157,RANKHIL रंखिल
5,45,357,21158,RAUN रौन
5,45,357,21159,REKHE रेखे
5,45,357,21160,SAINAR साइनार
5,45,357,21161,SAINJ सैंज
5,45,357,21162,SAKAR साकार
5,45,357,21163,SAKNIYA KOT साकनिया कोट
5,45,357,21164,SALLA RAUTELA सल्ला रौतेला
5,45,357,21165,SARKAR KI AALI सरकार की आली
5,45,357,21166,SARSU सरसू
5,45,357,21167,SHAILGOOTH शैलगूथ
5,45,357,21168,SIDHPUR सिद्धपुर
5,45,357,21169,SIKURA सिकुरा
5,45,357,21170,SILANI सिलानी
5,45,357,21171,SIRAR सिरार
5,45,357,21172,SUYUNARA KOT सुयुनारा कोट
5,45,357,21173,SYALI स्याली
5,45,357,21174,SYUNA स्यूना
5,45,357,21175,SYURA स्यूरा
5,45,357,21176,TALAR टलर
5,45,357,21177,TALAR BARI तलार बारी
5,45,357,21178,TATIK टाटिक
5,45,357,21179,THAPNIYA थपनिया
5,45,357,21180,TILOURA तिलौरा
5,45,357,21181,UDIYARI उडियारी
5,45,357,21182,USKUNA उसकुना
5,45,357,21183,VADYURA वद्युरा
5,45,357,21184,WALSA वाल्सा
5,45,358,21185,AARA KHET आरा खेत
5,45,358,21186,ANARIA KOT अनेरिया कोट
5,45,358,21187,ANULI अनुली
5,45,358,21188,BACH KANDE बाख कांडे
5,45,358,21189,BADIYAR RAIT बडियार रायत
5,45,358,21190,BADYURA बद्यौरा
5,45,358,21191,BAGANIYA बैगनिया
5,45,358,21192,BAJETHI बजेठी
5,45,358,21193,BALIA बलिया
5,45,358,21194,BALMA बलमा
5,45,358,21195,BARAKOT बाराकोट
5,45,358,21196,BAS GAON बासगांव
5,45,358,21197,BHABU भाबू
5,45,358,21198,BHAGA DEWLI भागा देवली
5,45,358,21199,BHAISORA भैसोरा
5,45,358,21200,BHAT KHOLA भट खोला
5,45,358,21201,BHATTKOT भट्टकोट
5,45,358,21202,BHATYURA TALLA भट्यूरा तल्ला
5,45,358,21203,MALLA BINOLA मल्ला बिनोला
5,45,358,21204,TALLA BINOLA तल्ला बिनोला
5,45,358,21205,BISAUDKOT बिसौदकोट
5,45,358,21206,KWETA क्वेटा
5,45,358,21207,BUGHAN बुघान
5,45,358,21208,CHAUKANA चौकाना
5,45,358,21209,CHAUMU चौमू
5,45,358,21210,CHHANA KHARKOTA छाना खरकोटा
5,45,358,21211,CHIRATINMINA चिरातिनमिना
5,45,358,21212,CHUPRA चौपरा
5,45,358,21213,DAMAR दमर
5,45,358,21214,DARIMI दारिमी
5,45,358,21215,DHALI ढली
5,45,358,21216,DHAURA धौरा
5,45,358,21217,DHAYOLI DHAUNI धयोली धौणी
5,45,358,21218,DHAYOLI RAUTELA धयोली रौतेला
5,45,358,21219,DHURA SANGRAULI धूरा संगरौली
5,45,358,21220,DO GHORIYA घोरिया करो
5,45,358,21221,DOL Mksy
5,45,358,21222,DOTHA दोथा
5,45,358,21223,FATWAL DUNGRA फतवाल डुंगरा
5,45,358,21224,FOOTA फ़ुटा
5,45,358,21225,GANAU गनौ
5,45,358,21226,GAUNA गौना
5,45,358,21227,GUTHOLI गुठौली
5,45,358,21228,JHAL DUNGRA झाल डूंगरा
5,45,358,21229,JOSHI DHURA जोशी धुरा
5,45,358,21230,KALA DUGARA काला दुगारा
5,45,358,21231,KALSEEMA कालसीमा
5,45,358,21232,KALTANI कलतानी
5,45,358,21233,KANDEY कांडेय
5,45,358,21234,KANRA कनरा
5,45,358,21235,KHANKER खांकेर
5,45,358,21236,KHERDA खेरदा
5,45,358,21237,KOKILA GAON कोकिला गाँव
5,45,358,21238,KUMALSO कुमालसो
5,45,358,21239,KUNJ कुंज
5,45,358,21240,KURI कुरी
5,45,358,21241,KUTOLI कुटौली
5,45,358,21242,LAMKOT MALLA लामकोट मल्ला
5,45,358,21243,LOHANA लोहाना
5,45,358,21244,LWALI ल्वाली
5,45,358,21245,MALLI CHAUNALI मल्ली चौनाली
5,45,358,21246,MER GAON मेर गाँव
5,45,358,21247,MIROLI मिरोली
5,45,358,21248,MOR PATURI मोर पटुरी
5,45,358,21249,NAINI नैनी
5,45,358,21250,NATA DOL नाटा डोल
5,45,358,21251,NAYA SANGRAULY नया संगरौली
5,45,358,21252,NIRAI fujkbZ
5,45,358,21253,PALNA पलना
5,45,358,21254,PITANA पिटाना
5,45,358,21255,PUBHAUN पुभाऊं
5,45,358,21256,RANAU रनाऊ
5,45,358,21257,RATKHAN रतखान
5,45,358,21258,SAGAR SAHU सागर साहू
5,45,358,21259,SAINAULI सैनौली
5,45,358,21260,SATYU सत्यु
5,45,358,21261,SELTA CHAPAR सेल्टा छापर
5,45,358,21262,SILKHORA सिलखौरा
5,45,358,21263,SILPAR सिलपर
5,45,358,21264,SIMILTY समानता
5,45,358,21265,SIRSORA सिरसोरा
5,45,358,21266,SUNARI सुनारी
5,45,358,21267,SURCHAURA सुरचौरा
5,45,358,21268,SURI सूरी
5,45,358,21269,SURKHAL सुरखाल
5,45,358,21270,SYUNANI स्यूनाणी
5,45,358,21271,TARANI तारणी
5,45,358,21272,TAYUNARA तैयुनारा
5,45,358,21273,THAMTHOLI थमथोली
5,45,358,21274,THANA MATENA थाना मटेना
5,45,358,21275,THAT nSV
5,45,358,21276,TIKER टिकर
5,45,358,21277,TALLI TOLI टल्ली टोली
5,45,358,21278,TULARI तुलारि
5,45,358,21279,UDIYARY उदियारी
5,45,358,21280,UJYOLA उज्योला
5,45,358,21281,UNYURA उन्यूरा
5,45,359,21282,AANSU TALE vkalw rsy
5,45,359,21283,"ACHHRON ,dzksu"
5,45,359,21284,AJOLI MALLI अजोली मल्ली
5,45,359,21285,AJOLI TALLI अजोली तल्ली
5,45,359,21286,BAMAN GAON बामन गांव
5,45,359,21287,BAMUDA बामुडा
5,45,359,21288,BAN KOTA cku dksVk
5,45,359,21289,BARET बैरेट
5,45,359,21290,BARHALIA बरहलिया
5,45,359,21291,BARKINDA बरकिंडा
5,45,359,21292,BASERI BASNAL बसेड़ी बासनाल
5,45,359,21293,BAUR MALLA बौर मल्ला
5,45,359,21294,BAUR TALLA बाउर तल्ला
5,45,359,21295,BESAR BAGAR बेसर बागर
5,45,359,21296,BHAINS KHET भैंस खेत
5,45,359,21297,BHAKRA KOT भाखड़ा कोट
5,45,359,21298,BHAUNDANDA भौंडांडा
5,45,359,21299,BHAWALI भवाली
5,45,359,21300,BHITAKOT भीटाकोट
5,45,359,21301,BHYARI भयारी
5,45,359,21302,BINOLI बिनौली
5,45,359,21303,BIRAL GAON MALLA बिराल गाँव मल्ला
5,45,359,21304,BUDAKOT बुडाकोट
5,45,359,21305,BUNGI DHAR बुंगी धार
5,45,359,21306,CHACH चाच
5,45,359,21307,CHAMKANA DADARI चमकना दादरी
5,45,359,21308,CHARI KIYARI चारी कियारी
5,45,359,21309,CHAUNA चौना
5,45,359,21310,DABHRA डभरा
5,45,359,21311,DABHRA SAURAL डभरा सौराल
5,45,359,21312,DADHOLI दढोली
5,45,359,21313,DADHRIYA दधरिया
5,45,359,21314,DANGKADAKOTI डांगकड़ाकोटी
5,45,359,21315,DANGULA डंगुला
5,45,359,21316,DANYURA डेन्युरा
5,45,359,21317,DARMI दारमी
5,45,359,21318,DAYONA डेयोना
5,45,359,21319,DEVRADI देवराढ़ी
5,45,359,21320,DUGOLI दुगोली
5,45,359,21321,DUNGA MOHAN डुंगा मोहन
5,45,359,21322,DUNGARI डूंगरी
5,45,359,21323,DUNGRA डुंगरा
5,45,359,21324,DUNGRA NAYA डुंगरा नाया
5,45,359,21325,GAHRA TIMLA गाहरा तिमला
5,45,359,21326,GARKOT TALLA गैरकोट तल्ला
5,45,359,21327,GETHIYA गेठिया
5,45,359,21328,DHACHKOT धचकोट
5,45,359,21329,GHANGALI घांघली
5,45,359,21330,GULAR गुलर
5,45,359,21331,HARDA MOLEKHI हरदा मोलेखी
5,45,359,21332,HARDA TADIYAL हरदा तड़ियाल
5,45,359,21333,INLO इनेलो
5,45,359,21334,JAKH जाख
5,45,359,21335,JALIKHAN जालीखान
5,45,359,21336,JAMARIYA जमरिया
5,45,359,21337,JASPUR KOT जसपुरकोट
5,45,359,21338,JASPUR TALLA जसपुर तल्ला
5,45,359,21339,JHAR GAON झरगांव
5,45,359,21340,JHIMAR झिमार
5,45,359,21341,JHIPA f>ik
5,45,359,21342,JIHAR जिहार
5,45,359,21343,KAFALTA कफल्टा
5,45,359,21344,KALI GAON काली गाँव
5,45,359,21345,KALI GAR काली गार
5,45,359,21346,KANE KHALPATTI केन खलपट्टी
5,45,359,21347,KANERA कनेरा
5,45,359,21348,KANGARI कंगारी
5,45,359,21349,KARGAT नोवोसिबिर्स्क
5,45,359,21350,KATARIA TALLA कटारिया तल्ला
5,45,359,21351,KHALYUN खलियूं
5,45,359,21352,KHATAL GAON खटालगांव
5,45,359,21353,KHATOLI खतौली
5,45,359,21354,KHOLYUN KIYARI खोल्यूं क्यारी
5,45,359,21355,KHUMAR खुमार
5,45,359,21356,KOOPI कूपी
5,45,359,21357,KOTA CHAMI कोटा चामी
5,45,359,21358,KOTHAL GAON कोठल गांव
5,45,359,21359,KOTLI MALLI कोटली मल्ली
5,45,359,21360,KOTLI TALLI कोटली तल्ली
5,45,359,21361,KUNHEEL SAYUNTARI कुन्हाईल सयुन्तरी
5,45,359,21362,KURIDHAR कुरीधार
5,45,359,21363,LUHERA लुहेरा
5,45,359,21364,MACHHOR मचहोर
5,45,359,21365,MAINAKOT मैनाकोट
5,45,359,21366,MAITHANI मैठाणी
5,45,359,21367,MALIHARI मलिहारी
5,45,359,21368,GARHKOT MALLA गढ़कोट मल्ला
5,45,359,21369,MANGRO मैंग्रो
5,45,359,21370,MANHAIT मैनहैट
5,45,359,21371,MANULI मानौली
5,45,359,21372,MASARIA BAZ मसारिया बाज़
5,45,359,21373,MAWAL GAON मावल गाँव
5,45,359,21374,MUNRA मुनरा
5,45,359,21375,DEVAYAL देवायल
5,45,359,21376,MUSOLI AMROLI मुसोली अमरोली
5,45,359,21377,NADOLI नाडोली
5,45,359,21378,NAG CHULA नाग चूल्हा
5,45,359,21379,NAG TALLE नाग टैले
5,45,359,21380,NAIKARA नैकरा
5,45,359,21381,NAINWAL PALI नैनवाल पाली
5,45,359,21382,NANAR KOTA नाणार कोटा
5,45,359,21383,NAWAL GAON I नवल गाँव I
5,45,359,21384,NAWAL GAON II नवल गाँव II
5,45,359,21385,PANUVA DHYOKHAN पनुवा द्योखां
5,45,359,21386,PASIYA पसिया
5,45,359,21387,PATIYA CHAURA पटियाचौरा
5,45,359,21388,PEENA KHOT पीना खोट
5,45,359,21389,PIPNA fiiu
5,45,359,21390,POKHARI MALLI पोखरी मल्ली
5,45,359,21391,POKHARI TALLI पोखरी तल्ली
5,45,359,21392,PUNA KOT पुना कोट
5,45,359,21393,RAGAR GAR रगर गर
5,45,359,21394,RANKUNA रणकुना
5,45,359,21395,RARNTHMAL रणथमल
5,45,359,21396,RIKAWASI रिकवासी
5,45,359,21397,RIVALI PALLI रिवाली पल्ली
5,45,359,21398,SABOLI RAUTELA सबोली रौतेला
5,45,359,21399,SAHAYI LAIN सहायी लेन
5,45,359,21400,SAIN MANUR सैन मनुर
5,45,359,21401,SAKNARA सकनारा
5,45,359,21402,SARUD सरूद
5,45,359,21403,SIMARRISTINA flefVlfru
5,45,359,21404,SOKHATI सोखती
5,45,359,21405,TADAM rne
5,45,359,21406,TARADI तराढ़ी
5,45,359,21407,TAYA ताया
5,45,359,21408,THAL TALAR थाल तलार
5,45,359,21409,THALA TADIYAL थाला तड़ियाल
5,45,359,21410,THALMAR थाल्मर
5,45,359,21411,TOLYOUN तोलयुन
5,45,359,21412,TUKNAULI तुकनौली
5,45,359,21413,UJRAR उजरार
5,45,360,21414,AAFUO vkQks
5,45,360,21415,ARADI BISHT अरडी बिष्ट
5,45,360,21416,ARADI RAJWAR अरडी रजवार
5,45,360,21417,BABALIYA बबलिया
5,45,360,21418,BARANGAL बरंगल
5,45,360,21419,BASAI बसई
5,45,360,21420,BASNAL GAON बेसनाल गांव
5,45,360,21421,VAWARI KICHAR वावारी किचर
5,45,360,21422,BHAKURA MALLA भकुरा मल्ला
5,45,360,21423,BHAKURA TALLA भकुरा तल्ला
5,45,360,21424,BHARSOLI भरसोली
5,45,360,21425,BHELIWAR भेलिवार
5,45,360,21426,BISERA KHET बिसेरा खेत
5,45,360,21427,BURASPANI बुरासपानी
5,45,360,21428,CHACH ROTI चच रोटी
5,45,360,21429,CHAKKELANI चककेलानी
5,45,360,21430,CHAKAR GAON चक्करगांव
5,45,360,21431,CHAMYADI चाम्याडी
5,45,360,21432,CHANOLI चनौली
5,45,360,21433,CHANTHAR KHANI चंथरखानी
5,45,360,21434,CHICHOUN चिचौन
5,45,360,21435,CHINTOLI चिंतोली
5,45,360,21436,DHINKA ढिंका
5,45,360,21437,DUDORIBEERKHAL डुडोरीबीरखाल
5,45,360,21438,DUNGARI डूंगरी
5,45,360,21439,EKOROLLA एकोरोला
5,45,360,21440,FANDIYA फंदिया
5,45,360,21441,GARDSARI गार्डसारी
5,45,360,21442,GAWALI गावली
5,45,360,21443,GHANYAL घन्याल
5,45,360,21444,GHANYALPALA घनयालपला
5,45,360,21445,GOD LEKH भगवान लेख
5,45,360,21446,GOLNA गोलना
5,45,360,21447,GOGNYANWASISEEM गोग्न्यानवसीम
5,45,360,21448,GUGUTI गुगुति
5,45,360,21449,GUMTI गुमटी
5,45,360,21450,GWAL BINA ग्वाल बीना
5,45,360,21451,JAIKHAL जयखाल
5,45,360,21452,JANAR KHANI जनार खानी
5,45,360,21453,JASPUR जसपुर
5,45,360,21454,JUNIYA जूनिया
5,45,360,21455,KAFAL GAON काफल गांव
5,45,360,21456,KAFALGAIR काफलगैर
5,45,360,21457,KAFALTANA कफल्टाना
5,45,360,21458,KALJHEEPA JOSHI कालझीपा जोशी
5,45,360,21459,KALJHEEPA RAJWAR कालझीपा रजवार
5,45,360,21460,KALIYA LINGUAD कालिया लिंगुड़
5,45,360,21461,KALYAN PUR कल्याणपुर
5,45,360,21462,KAMAN कमान
5,45,360,21463,KANARITHOUR कनारीथौर
5,45,360,21464,KANKHOT कनखोट
5,45,360,21465,KHARKU BHANARIA खरकू भनारिया
5,45,360,21466,KHATAL GAON खटालगांव
5,45,360,21467,KEHARGAON केहरगांव
5,45,360,21468,KOT SARI कोट साड़ी
5,45,360,21469,KUMALAESWAR कुमालेश्वर
5,45,360,21470,KUSIYACHOUN कुसियाचौंन
5,45,360,21471,LAL NAGARI लाल नगरी
5,45,360,21472,MATELA MALLA मटेला मल्ला
5,45,360,21473,MHAROLI MALLI महरोली मल्ली
5,45,360,21474,MANGRU KHAL मंगरू खाल
5,45,360,21475,MASMOLI मस्मोली
5,45,360,21476,MATKHANI मटखानी
5,45,360,21477,MHANGYARI महंगयारी
5,45,360,21478,MUNANI मुनानी
5,45,360,21479,NAIL नाखून
5,45,360,21480,NAUGAON नौगांव
5,45,360,21481,OKHALYOUN OKHALYUN
5,45,360,21482,PAITHANA पैठणा
5,45,360,21483,PALPUR पालपुर
5,45,360,21484,PARTHOLA पार्थोला
5,45,360,21485,PATAL GAON पाताल गांव
5,45,360,21486,PATHAR KHOLA पत्थर खोला
5,45,360,21487,PIPAL KHAL पीपलखाल
5,45,360,21488,ROTA PANI रोटा पानी
5,45,360,21489,RUDHOLI रुधौली
5,45,360,21490,SARAEI KHET सराय खेत
5,45,360,21491,SATER सैटर
5,45,360,21492,SERA सीरा
5,45,360,21493,SHADE छाया
5,45,360,21494,SIMGAON सिमगांव
5,45,360,21495,SUNOLI सुनोली
5,45,360,21496,SURMOLI सुरमोली
5,45,360,21497,TALAI तलाई
5,45,360,21498,MAHAROLI TALLI महरोली तल्ली
5,45,360,21499,TAMADOUN तमाडौन
5,45,360,21500,TIMALI टिमाली
5,45,360,21501,TITATRI तितत्रि
5,45,360,21502,TOAL BHUDHANI तोल बुधानी
5,45,360,21503,UADAY PUR उदयपुर
5,45,360,21504,UPRARI उपरारी
5,45,360,21505,VALMARA वाल्मारा
5,45,361,21506,ADHURIA अधुरिया
5,45,361,21507,AGAR RAULKURI आगर राउलकुरी
5,45,361,21508,AJHORA अझोरा
5,45,361,21509,AMKHOLI अमखोली
5,45,361,21510,ARJUN RATH अर्जुन रथ
5,45,361,21511,BACHHURARI बछुरारी
5,45,361,21512,BAIGANIA बैगनिया
5,45,361,21513,BAJAIL बजैल
5,45,361,21514,BALAI बलाई
5,45,361,21515,BAMNI GAR बमनी गार
5,45,361,21516,BARGAON बड़ागांव
5,45,361,21517,BASOLI बसोली
5,45,361,21518,BANAURA बनौरा
5,45,361,21519,BAYALA KHALSA बयला खालसा
5,45,361,21520,BEENA गया एक
5,45,361,21521,BHAISAR GAON भैसरगांव
5,45,361,21522,BHAISORI भैसोरी
5,45,361,21523,BHAITA भिता
5,45,361,21524,BHAKUNA भकुना
5,45,361,21525,BHANA RATH भाना रथ
5,45,361,21526,BHATGAON भटगांव
5,45,361,21527,BHAURI भौंरी
5,45,361,21528,BHETULI भेटुली
5,45,361,21529,BUNGA टैग:
5,45,361,21530,CHANOLI चनौली
5,45,361,21531,CHAURA चौरा
5,45,361,21532,CHHANI LAYSHAL छानी लैशाल
5,45,361,21533,CHURARI चुरारी
5,45,361,21534,DAONI दाओनी
5,45,361,21535,DHOLRA धोलरा
5,45,361,21536,DINGRA डिंगरा
5,45,361,21537,DOTYALA GAON डोटियाला गांव
5,45,361,21538,DUMAR GAON डुमर गांव
5,45,361,21539,GANGOLA KOTLI गंगोला कोटली
5,45,361,21540,GOLANE गोलाने
5,45,361,21541,GURURA गुरुरा
5,45,361,21542,HADOLI हडोली
5,45,361,21543,ISLANA इस्लाना
5,45,361,21544,JAICHOLI जयचोली
5,45,361,21545,JAKHSURA जखसूरा
5,45,361,21546,JAL DHAULAD जल धौलाद
5,45,361,21547,JEETAB जीतब
5,45,361,21548,JHARKOT झारकोट
5,45,361,21549,JHIJHAR झिझर
5,45,361,21550,KAKRAD ककराड
5,45,361,21551,KANDEY कांडेय
5,45,361,21552,KATALI कटाली
5,45,361,21553,KHARAYUN खरयूं
5,45,361,21554,KHARI SUNAR खारी सुनार
5,45,361,21555,KHEERA KOT खीरा कोट
5,45,361,21556,KOTURA कोटुरा
5,45,361,21557,KRIDA क्रीड़ा
5,45,361,21558,KWARALI क्वैराली
5,45,361,21559,LADURYA लादुरिया
5,45,361,21560,LAKHNARI लाखनरी
5,45,361,21561,LOHNA लोहना
5,45,361,21562,MAJHARMAFI मजहरमाफी
5,45,361,21563,MALA माला
5,45,361,21564,MALAUNJ मलौंज
5,45,361,21565,MALLAKHOLI मल्लाखोली
5,45,361,21566,MAWAI MAFI मवई माफी
5,45,361,21567,NAIDHOL नायडहोल
5,45,361,21568,NAIKANA नैकाणा
5,45,361,21569,NAKOT नाकोट
5,45,361,21570,NIRAI NIRAI
5,45,361,21571,OLIAGAON ओलियागांव
5,45,361,21572,PACHHISEE पच्चीसी
5,45,361,21573,PADOLIYA पाडोलिया
5,45,361,21574,PALURA पलूरा
5,45,361,21575,PANERGAON पनेरगांव
5,45,361,21576,PATIYA पाटिया
5,45,361,21577,PAYAN पायन
5,45,361,21578,POKHARI पोखरी
5,45,361,21579,RAIT भिगना
5,45,361,21580,RAMELA DUNGRI रमेला डूंगरी
5,45,361,21581,RASYARA GAON रस्यारा गांव
5,45,361,21582,ROLYANA GAONTH रोल्याना गौंथ
5,45,361,21583,SATRASI ARARIYA सत्रसी अररिया
5,45,361,21584,SHAIL शैल
5,45,361,21585,SIMKHOLA सिमखोला
5,45,361,21586,SONKOTLI सोनकोटली
5,45,361,21587,SUNARI सुनारी
5,45,361,21588,SUNOLI सुनोली
5,45,361,21589,SUPAKOT सुपाकोट
5,45,361,21590,TANA ताना
5,45,361,21591,TEETAKOT टीताकोट
5,45,361,21592,THAPLA थापला
5,45,361,21593,UTRORA GHURDORA उतरोरा घुड़दौड़ा
5,45,362,21594,AABHYADI अभियादि
5,45,362,21595,AIROR हवाई अड्डा
5,45,362,21596,ALMIYA KANDE अल्मिया कांडे
5,45,362,21597,ARADI अरडी
5,45,362,21598,AROLI आरोली
5,45,362,21599,ASWAL KATURA असवाल कटूरा
5,45,362,21600,BADHAD बाढ़
5,45,362,21601,BAGODA बागोड़ा
5,45,362,21602,BAGUNA बगुना
5,45,362,21603,BAGWALI RAUTELA बागवाली रौतेला
5,45,362,21604,BAINA - I बैना - मैं
5,45,362,21605,BAINA-II बैना-II
5,45,362,21606,BAJENA बजेना
5,45,362,21607,BAMSYUN बामस्यूं
5,45,362,21608,BHADGAON भड़गांव
5,45,362,21609,BAYADI बयडी
5,45,362,21610,BEDGAON बेदगांव
5,45,362,21611,BILLEKH बिल्लेख
5,45,362,21612,BISHT KOTALI बिष्ठ कोटाली
5,45,362,21613,BOHARA GAON बोहरागांव
5,45,362,21614,CHALSEEYA PADOLI चलसिया पड़ोली
5,45,362,21615,CHAMDOLI BGOTI चामडोली BGOTI
5,45,362,21616,CHAMOLI चमोली
5,45,362,21617,CHAPAR छापर
5,45,362,21618,CHAUKUNI चौकुनी
5,45,362,21619,CHUNA चुना
5,45,362,21620,DEHOLI देहोली
5,45,362,21621,DINGA डिंगा
5,45,362,21622,DOBA डोबा
5,45,362,21623,DORAB दोराब
5,45,362,21624,DUBHANA दुभाना
5,45,362,21625,DUGORA दुगोरा
5,45,362,21626,DUNDI डूंडी
5,45,362,21627,EDA ईडीए
5,45,362,21628,FALDWARI फाल्दवारी
5,45,362,21629,GADI गादी
5,45,362,21630,GADSIYARI गडसियारी
5,45,362,21631,GANGODA गंगोड़ा
5,45,362,21632,GARAD गराड
5,45,362,21633,GINGARI गिंगरी
5,45,362,21634,GUDHOLI गुढ़ौली
5,45,362,21635,GUMTA गुमटा
5,45,362,21636,GUTOLI गुटौली
5,45,362,21637,HADOLI हडोली
5,45,362,21638,HARDE हार्डे
5,45,362,21639,HAROLI GANOLI हरोली गनोली
5,45,362,21640,HIDAM हिदाम
5,45,362,21641,JAL जेएएल
5,45,362,21642,JANOLI जनोली
5,45,362,21643,JANTA जनता
5,45,362,21644,JHALODI झालोदी
5,45,362,21645,JIYURA जिउरा
5,45,362,21646,JOGYADI जोग्यादि
5,45,362,21647,KHAGYAR खग्यार
5,45,362,21648,KALNU कलनु
5,45,362,21649,KAPINA कपिना
5,45,362,21650,KARAKOT काराकोट
5,45,362,21651,KARCHULI करचुली
5,45,362,21652,KHAN KHAN
5,45,362,21653,KHANIYA खनिया
5,45,362,21654,KHARKHET खारखेत
5,45,362,21655,KHUDOLI खुडोली
5,45,362,21656,KHYUSHAL KOT खयूशाल कोट
5,45,362,21657,LACHINA लछिना
5,45,362,21658,MEHAL KHAND मेहल खंड
5,45,362,21659,MAJ GAON प्रमुख गांव
5,45,362,21660,MAKDO मकदो
5,45,362,21661,MALLA DAMAR मल्ला दामर
5,45,362,21662,MALLA VISUVA मल्ला विसुवा
5,45,362,21663,MALONA मैलोना
5,45,362,21664,MANARI मनारी
5,45,362,21665,MANDAL KOT मंडल कोट
5,45,362,21666,MANGCHAURA मंगचौरा
5,45,362,21667,MATELA मटेला
5,45,362,21668,MATELA MANIHAR मटेला मनिहार
5,45,362,21669,MATILAA मटिला
5,45,362,21670,MONA मोना
5,45,362,21671,MOVEDI मोवेदी
5,45,362,21672,MUSOLI मुसौली
5,45,362,21673,NAITI NAITI
5,45,362,21674,NAUGAON-I नौगांव-I
5,45,362,21675,NAUGAON-II नौगांव-द्वितीय
5,45,362,21676,NAUGHAR नौघर
5,45,362,21677,NOBA नोबा
5,45,362,21678,PAJEENA पजीना
5,45,362,21679,PAKUDA पाकुड़ा
5,45,362,21680,PALI NADHOLI पाली नाढोली
5,45,362,21681,PANDEY KOTA पांडे कोटा
5,45,362,21682,PANT KOTILI पैंट कोटिली
5,45,362,21683,PAPDA PAPDA
5,45,362,21684,PAPNE KOTHAR पपने कोठार
5,45,362,21685,PASTUDAWAR पस्तुदावर
5,45,362,21686,PHOKHARI पोखरी
5,45,362,21687,PILKHOLI पिलखोली
5,45,362,21688,PIPALI पिपली
5,45,362,21689,RATGAL रतगल
5,45,362,21690,SAGNETI SAGNETI
5,45,362,21691,SAJGODI सजगोड़ी
5,45,362,21692,SALONI सलोनी
5,45,362,21693,SANRI सानरी
5,45,362,21694,SARAULI सरौली
5,45,362,21695,SARNA सरना
5,45,362,21696,SHOKHOLA शोखोला
5,45,362,21697,SILANGI सिलंगी
5,45,362,21698,SIMALDHAR सिमलधार
5,45,362,21699,SIMOLI सिमोली
5,45,362,21700,SIWALI सीवाली
5,45,362,21701,SIYU MALLA सियु मल्ला
5,45,362,21702,SOLA-I सोला-I
5,45,362,21703,SOLA-II सोला-द्वितीय
5,45,362,21704,SONI सोनी
5,45,362,21705,SUNIYA KOT सुनिया कोट
5,45,362,21706,SURI सूरी
5,45,362,21707,TANA ताना
5,45,362,21708,TANA PANYALI ताना पन्याली
5,45,362,21709,TARIJUANI तारिजुआनी
5,45,362,21710,TARSWAR तारस्वर
5,45,362,21711,TAURA तौरा
5,45,362,21712,THAKULARI ठकुलारी
5,45,362,21713,TIMILA तिमिला
5,45,362,21714,TIPOLA टिपोला
5,45,362,21715,TUNAKOT टूनाकोट
5,45,362,21716,UODI यूओडीआइ
5,45,362,21717,UPRADI उपराडी
5,45,362,21718,VALNA वाल्ना
5,45,362,21719,BISHALKOT बिशालकोट
5,46,363,21720,AAGAR आगर
5,46,363,21721,AAREY ऐरे
5,46,363,21722,AIRARI ऐरारी
5,46,363,21723,AMSARKOTE एम्सरकोट
5,46,363,21724,AMTOURA अमतौरा
5,46,363,21725,ANARSA अनरसा
5,46,363,21726,ASON एक बेटा
5,46,363,21727,BAAZJHIROTI बाजीझिरोटी
5,46,363,21728,BAHULI बाहुली
5,46,363,21729,BAJINA बजीना
5,46,363,21730,BAMRARI बमरारी
5,46,363,21731,BANEGAON बनेगांव
5,46,363,21732,BASTOLI बस्तौली
5,46,363,21733,BEDIBAGAR बेदीबगड़
5,46,363,21734,BERATALARA बेरातलारा
5,46,363,21735,BHADOURA भदौरा
5,46,363,21736,BHADRAKALI भद्रकाली
5,46,363,21737,BHAITA भिता
5,46,363,21738,BHANARTOLI भनार्तोली
5,46,363,21739,BHANDARIGAON भंडारीगांव
5,46,363,21740,BHARUCHOUBATTA भरूचौबट्टा
5,46,363,21741,BHATKHOLA भटखोला
5,46,363,21742,BHATNIKOTE भाटनीकोट
5,46,363,21743,BHATOURA भटौरा
5,46,363,21744,BHOLANANAGHAR भोलानानगर
5,46,363,21745,BIJORIJHAL बिजौरीझाल
5,46,363,21746,BILARI बिलारी
5,46,363,21748,BINSAR बिनसर
5,46,363,21750,BOHALA बोहला
5,46,363,21751,BOURI बौरी
5,46,363,21752,BURGHUNA बरगुना
5,46,363,21753,CHAMI Chamí
5,46,363,21754,CHATI चाती
5,46,363,21755,CHIRANG चिरांग
5,46,363,21756,CHOUGAONCHINA चौग एओन्चिना
5,46,363,21757,CHOUNA चौना
5,46,363,21758,CHOURA चौरा
5,46,363,21759,DEVALCHOURA देवलचौरा
5,46,363,21760,DEVALVICHRAL देवलविचराल
5,46,363,21761,DEVTOLI देवटोली
5,46,363,21762,DHAPOLI धपोली
5,46,363,21763,DHAPTI धप्ती
5,46,363,21764,DHARI-1 धारी-1
5,46,363,21765,DHARI-2 धारी-2
5,46,363,21766,DHOPOLASERA धोपोलासेरा
5,46,363,21767,DHUNGA ढूंगा
5,46,363,21768,DOBA डोबा
5,46,363,21769,DUNGARI डूंगरी
5,46,363,21770,Dhyangar ध्यानगर
5,46,363,21771,FALTANIA फाल्तानिया
5,46,363,21772,FATGALI फटगली
5,46,363,21773,GADERA गडेरा
5,46,363,21774,GAIRAR गैरार
5,46,363,21775,GAJLI गजली
5,46,363,21776,GHATGAR घटघर
5,46,363,21777,GHIROULI घिरौली
5,46,363,21778,GOGINAPANI गोगिनापानी
5,46,363,21779,GUNAKOTE गुनाकोट
5,46,363,21780,GURNA गुरना
5,46,363,21781,GWARBHILKOTE ग्वारभीलकोट
5,46,363,21782,HARBAR हार्बर
5,46,363,21783,JANOUTIPALARI जनौटिपलारी
5,46,363,21784,JATHA जत्था
5,46,363,21785,JETHAI जेठाई
5,46,363,21786,JHARKOTE झारकोट
5,46,363,21787,JHIROULI झिरौली
5,46,363,21788,JOLKANDAY जोलकंडेय
5,46,363,21789,JUNAYAL जुनायल
5,46,363,21790,KABHARA कभरा
5,46,363,21791,BORGAON बोरगांव
5,46,363,21792,KANDEY कांडेय
5,46,363,21793,KANDEYKANYAL कांडेयकन्याल
5,46,363,21794,KAPOORI कपूरी
5,46,363,21795,KARALAPALARI करालापलारी
5,46,363,21796,KARASIBOONGA करासीबूंगा
5,46,363,21797,KARASMAFI करासमाफ़ी
5,46,363,21798,KARULI करौली
5,46,363,21800,KHABDOLI खबडोली
5,46,363,21801,KHANKAR खांकर
5,46,363,21802,KHANTOLI खंतोली
5,46,363,21803,KHOLI कोहली
5,46,363,21804,KHOLIAGAON खोलियागांव
5,46,363,21805,KHOULSEER खौलसीर
5,46,363,21806,KHULDORI खुल्डोरी
5,46,363,21807,KHUNOULI खुनौली
5,46,363,21808,KIMOLI किमोली
5,46,363,21809,KUCHOLI कुचौली
5,46,363,21810,KULARANGCHAURA कुलरंगचौरा
5,46,363,21811,KUNERA कुनेरा
5,46,363,21812,LETI लेटी
5,46,363,21813,LOBH लोभ
5,46,363,21814,MAGHRUPHARI मघरूपहरि
5,46,363,21815,MALSUNA मलसूना
5,46,363,21816,MALTA माल्टा
5,46,363,21817,DIGOLI डिगोली
5,46,363,21819,MANKOTE मनकोट
5,46,363,21820,MANTOLI मंटोली
5,46,363,21821,MATELA मटेला
5,46,363,21822,MATIYOLI मटियोली
5,46,363,21823,MAUUDIYAR मौउदियार
5,46,363,21826,MUSOULI मुसौली
5,46,363,21827,NAGHARMAJILA नगरमजिला
5,46,363,21828,NAGHARSAHU नागरसाहू
5,46,363,21829,NAIL नाखून
5,46,363,21830,NAILMAFI नेलमाफी
5,46,363,21831,NARAYANGUNPH नारायणगुंफ
5,46,363,21832,NARGOLI नरगोली
5,46,363,21833,NAUGAON नौगांव
5,46,363,21834,NAYAL नायल
5,46,363,21835,OKHALISIROD ओखालीसिरोड
5,46,363,21836,OKHALSON ओखाल्सन
5,46,363,21837,PADAI पडाई
5,46,363,21838,PAGANA पगाना
5,46,363,21839,PAITHAN पैठण
5,46,363,21840,PALAYAN पलायन
5,46,363,21841,PALIBAGYALI पालीबग्याली
5,46,363,21842,PALRIBAGAR पालीबागर
5,46,363,21843,PANA पैना
5,46,363,21844,PANCHOURA पंचचौरा
5,46,363,21845,PANDRAHPALI पंड्राहपाली
5,46,363,21846,PANTQUARRALLI पेंटक्वारैल्ली
5,46,363,21847,PAPON पापोन
5,46,363,21848,PASDEVE पासदेवे
5,46,363,21849,POKHARI पोखरी
5,46,363,21850,PURKOTE पीयू आरकोटे
5,46,363,21851,QUARRALLI Quarralli
5,46,363,21852,RATMOLI रतमोली
5,46,363,21853,RAWATSERA रावतसेरा
5,46,363,21854,REIKHOLI रीखोली
5,46,363,21855,RIKHARI रिखड़ी
5,46,363,21856,SANIUDIYAR सानिउडियार
5,46,363,21857,SASHOLA सशोला
5,46,363,21858,SAT बैठा
5,46,363,21859,SELTA सेल्टा
5,46,363,21860,SHESHAKHANI शेषखानी
5,46,363,21861,SIMALGAON सिमलगांव
5,46,363,21862,SIMKUNA सिमकुना
5,46,363,21863,SIMSYARI SIMSYARI
5,46,363,21864,SIMTOLI सिमटोली
5,46,363,21865,SIROULI सिरौली
5,46,363,21866,SUNDIL सुंडिल
5,46,363,21867,SYALDOBA स्यालदोबा
5,46,363,21868,SYUNI स्यूणी
5,46,363,21869,TACHANI तचानी
5,46,363,21870,TAKNAR टकनार
5,46,363,21871,TARMOLI तरमोली
5,46,363,21872,THAKLAD थकलाड
5,46,363,21874,TUNERA तुनेरा
5,46,363,21876,THANGA थांगा
5,46,363,21877,UDALGAON उदलगांव
5,46,363,21878,UDERKKHANI उडेरखानी
5,46,363,21879,WALNA वाल्ना
5,46,364,21880,AGARMARTOLI अगरमार्टोली
5,46,364,21881,AMOLI अमौली
5,46,364,21882,AMSYARI अमस्यारी
5,46,364,21883,ANA एना
5,46,364,21884,AYARTOLI अयार्टोली
5,46,364,21885,BANDH बंद
5,46,364,21886,BHAKUNKHULA भड़कुनखुला
5,46,364,21888,BHATARIA भटारिया
5,46,364,21889,BHETAKUTOLIA भेटाकुटोलिया
5,46,364,21890,BHILKOT भीलकोट
5,46,364,21891,BINKHOLI बिनखोली
5,46,364,21892,BOONGA बूंगा
5,46,364,21893,CHANISHERA चानीशेरा
5,46,364,21894,CHANOLI चनौली
5,46,364,21895,CHATIA चटिया
5,46,364,21896,CHATYANI चटायनी
5,46,364,21897,CHAURSON चौरसन
5,46,364,21898,DARSHANI दर्शनी
5,46,364,21899,DHIANA धियाना
5,46,364,21900,DHOL GAON ढोल गांव
5,46,364,21901,DHOUNAI धौनाई
5,46,364,21902,DUDHILA दुधिला
5,46,364,21903,DUMLOTE डमलोटे
5,46,364,21904,FALYATI फल्याति
5,46,364,21905,FULWARI GOONTH फुलवारी गूंथ
5,46,364,21906,GADSER गैडसेर
5,46,364,21907,GAIRLEKH गैरलेख
5,46,364,21908,GALAI गैलाई
5,46,364,21909,GANIGAON गनीगांव
5,46,364,21910,GARKHET गारखेत
5,46,364,21911,GHETI घेटी
5,46,364,21912,GHIRTOLI घिरटोली
5,46,364,21913,GWARPAJENA ग्वारपजेना
5,46,364,21914,HARINAGARI हरिनगरी
5,46,364,21915,JAISAR जयसर
5,46,364,21916,JAKH जाख
5,46,364,21917,JAKHERA जखेरा
5,46,364,21918,JIJOLI जिजौली
5,46,364,21919,JINKHOLA जिनखोला
5,46,364,21920,JYONAESTATE JYONAESTATE
5,46,364,21921,KAFALDHUNGA कफलढूंगा
5,46,364,21922,KAJYUULI कजयुउली
5,46,364,21923,KANSYARI कंस्यारी
5,46,364,21924,KATARMAL कटारमल
5,46,364,21925,KAUSANI कौसानी
5,46,364,21926,KOLAG कोलाग
5,46,364,21928,KOTLI कोटली
5,46,364,21929,KOTTULARI कोट्टुलारी
5,46,364,21930,KULAON कुलाऊँ
5,46,364,21931,LAKHANI लाखानी
5,46,364,21932,LAMCHULA लाम्चूला
5,46,364,21933,LOBANJ लोबांज
5,46,364,21934,LOHAGARI लोहागरी
5,46,364,21935,MAGDIESTATE मैग्डीस्टेट
5,46,364,21936,MAJKOTE मजकोटे
5,46,364,21937,MALADUNAGARI मालादुनगरी
5,46,364,21938,MALDE मालदे
5,46,364,21939,MANAKHET मनाखेत
5,46,364,21940,MANYURA मन्युरा
5,46,364,21941,MATHENA मथेना
5,46,364,21942,MATHURON मैथ्यूरोन
5,46,364,21943,MAVWAI मववाई
5,46,364,21944,NARGWARI नरगवारी
5,46,364,21945,NAUGAON नौगांव
5,46,364,21946,NAUGHAR नौघर
5,46,364,21947,NAUGHARESTATE नौघरस्टेट
5,46,364,21948,NAUKANAKHUMTIA नौकानाखुमटिया
5,46,364,21949,PACHANA पचना
5,46,364,21950,PARAINA परैना
5,46,364,21951,PARKOTI पारकोटी
5,46,364,21952,PATLI पाटली
5,46,364,21953,PAYE पेये
5,46,364,21954,TALLA PAYYA तल्ला पय्या
5,46,364,21955,PINGLO पिंगलो
5,46,364,21956,POKHARI पोखरी
5,46,364,21957,POORVI AYARTOLI पूर्वी अयारटोली
5,46,364,21958,PURARA पुरारा
5,46,364,21959,RANKUNDI रणकुंडी
5,46,364,21960,RIYUNILKHMAR रियुनिल्हमार
5,46,364,21961,ROLYANA रोल्याना
5,46,364,21962,SALIKHANYARI सलिखन्यारी
5,46,364,21963,SHILLI शिल्ली
5,46,364,21964,SIMGARI सिमगरी
5,46,364,21965,SIMKHET सिमखेत
5,46,364,21966,SIRKOTE सिरकोट
5,46,364,21967,SURAG सुराग
5,46,364,21968,SYALISTATE सियालिस्टेट
5,46,364,21969,TAILIHAT तैलीहाट
5,46,364,21970,THAKALA थाकला
5,46,364,21971,THANDANGOLI थांडांगोली
5,46,364,21972,THAPAL BAJWAR थापल बजवार
5,46,364,21973,TILSARI तिलसरी
5,46,364,21974,URKHULI उरखुली
5,46,364,21975,VAJYULA वज्यूला
5,46,365,21978,ASSON एसोन
5,46,365,21979,VACHAM वाचम
5,46,365,21980,BADIYAKOTE बदियाकोट
5,46,365,21983,BARAIT बरैत
5,46,365,21984,BARIPANYALI बारीपनयाली
5,46,365,21985,BASHTI बस्ती
5,46,365,21986,BASKUNA बासकुना
5,46,365,21987,THARAEJAR थरईजर
5,46,365,21988,BERAMAJHERA बेरमझेरा
5,46,365,21989,BHANAR भनार
5,46,365,21991,BHANTOLA भंतोला
5,46,365,21992,BHAYUN भयूं
5,46,365,21993,BORBALRA बोरबलरा
5,46,365,21994,CHACHAI चचाई
5,46,365,21995,CHALKANA चलकाना
5,46,365,21996,CHIRABAGAR चीराबाग़र
5,46,365,21997,CHOUNALA चौनाला
5,46,365,21998,CHOURA चौरा
5,46,365,21999,CHUCHER चुचेर
5,46,365,22000,DARSINGH डारसिंह
5,46,365,22001,DHOKTIGAON ढोकटीगांव
5,46,365,22002,DIYALIKUROULI दीयालीकुरौली
5,46,365,22003,DOBAAR जन्म तिथि आर
5,46,365,22004,DULAM दुलम
5,46,365,22005,FARSALIPALLI फरसालीपल्ली
5,46,365,22006,FARSALIVALLI फरसालिवल्लि
5,46,365,22007,GADERA गडेरा
5,46,365,22008,GAINAR गेनार
5,46,365,22009,GAIRKHET गैरखेत
5,46,365,22010,GASI गैसी
5,46,365,22011,GOGINA गोगिना
5,46,365,22012,GOLANA गोलाना
5,46,365,22013,GULAIR गुलैर
5,46,365,22014,GULAMPARGAD गुलामपरगड
5,46,365,22015,HARKOTE हरकोटे
5,46,365,22016,HARSILA हरसिला
5,46,365,22017,HORALI होराली
5,46,365,22018,JAGTHANA जगथाना
5,46,365,22019,JAHAKARA जहकारा
5,46,365,22020,JAKHANI जखनी
5,46,365,22021,JALMANI जलमणी
5,46,365,22022,JARTI जार्ति
5,46,365,22023,JHUNI झूनी
5,46,365,22024,JOPHARA जोफारा
5,46,365,22025,KAFLIKAMERA काफ़्लीकमेरा
5,46,365,22026,KAPKOTE कपकोट
5,46,365,22027,KARMI कर्मी
5,46,365,22028,KHALJHUNI खलझूनी
5,46,365,22029,KHARKKANATOLI खर्ककानतोली
5,46,365,22030,KHATI खाती
5,46,365,22031,KILPARA किलपारा
5,46,365,22032,KIRAI किराई
5,46,365,22033,KISSMILA किसमिला
5,46,365,22034,KUWARI कुवारी
5,46,365,22035,LAHUR लाहौर
5,46,365,22036,LATHI लाठी
5,46,365,22037,LEELEE लीली
5,46,365,22038,LITI लिटि
5,46,365,22039,MAHOLI महोली
5,46,365,22040,MAHRURI महरूरी
5,46,365,22041,MAJGAON मझगांव
5,46,365,22042,MAJHERA मझेरा
5,46,365,22043,MAJKHET माजखेत
5,46,365,22044,MALKHADUNGARCHA मलखाडुंगर्चा
5,46,365,22045,MALLADESH मल्लदेश
5,46,365,22046,MIKILAKHALPATTA मिकिलाखलपट्टा
5,46,365,22047,NAMTICHETABAGAR नामतीचेताबागर
5,46,365,22048,NANKANYALIKOT नानकन्यालीकोट
5,46,365,22049,NARGARA नरगरा
5,46,365,22050,NAUKAURI नौकौरी
5,46,365,22051,PACHAR पचहर
5,46,365,22052,BATALGAON बटलगांव
5,46,365,22053,PAPOLI पपोली
5,46,365,22054,PATHKURA पथकुरा
5,46,365,22055,POTHAN पोथन
5,46,365,22056,POTHING पोथिंग
5,46,365,22057,PURKUNI पुरकुनी
5,46,365,22058,RAMARI रामरी
5,46,365,22059,RANTHAL रंथल
5,46,365,22060,RATIRKETI रतिर्केति
5,46,365,22061,REMAQUTI रेमाकुटी
5,46,365,22062,RIKHARI रिखड़ी
5,46,365,22063,SAKNURA सकनुरा
5,46,365,22064,SANGAR संगर
5,46,365,22065,SHALING शैलिंग
5,46,365,22066,SHAMA शमा
5,46,365,22067,SHERI शेरी
5,46,365,22068,SHIRI शिरी
5,46,365,22069,SIMGARI सिमगरी
5,46,365,22070,SOORAG सोराग
5,46,365,22071,SUDING सूदिंग
5,46,365,22072,SUKHCHONAKANOULI सुखचोनाकनौली
5,46,365,22073,SUMGARH सुमगढ़
5,46,365,22074,SUMTI सुमति
5,46,365,22075,SUPHI सुफी
5,46,365,22076,SURKALIGAON सुरकलीगांव
5,46,365,22077,TARSHAL PATIASAR तारशाल पटियासर
5,46,365,22078,TEEKH तीखा
5,46,365,22079,TOLI टोली
5,46,365,22080,UDIYAR उडियार
5,46,365,22081,UTROURA उतरौरा
5,46,365,22082,WADURA वाडुरा
5,47,366,22083,BACHHER बछेर
5,47,366,22084,BAIRAGANA बैरागना
5,47,366,22085,BAMIYALA बमियाला
5,47,366,22086,BANADWARA बनद्वार
5,47,366,22088,BEMARU बेमारू
5,47,366,22089,BHATINGYALA भटिंग्याला
5,47,366,22090,BOALA बोला
5,47,366,22091,CHHINAKA छीनाका
5,47,366,22092,DEWALDHAR देवलधार
5,47,366,22093,DEWAR KANERI देवर कनेरी
5,47,366,22094,DEWAR KHADORA देवार खडोरा
5,47,366,22095,DHARKOT धारकोट
5,47,366,22096,DIGOLI डिगोली
5,47,366,22097,DOGDI KANDAIE डोगडी कांडाई
5,47,366,22098,DUNGRI डुंगरी
5,47,366,22099,DURMI दुरमी
5,47,366,22100,GADI गादी
5,47,366,22102,GAUNA गौना
5,47,366,22103,GHUDSHAL घुड़शाल
5,47,366,22104,GOLIM गोलिम
5,47,366,22105,GWAD जीडब्ल्यूएडी
5,47,366,22106,HAT टोपी
5,47,366,22107,IRANI ईरानी
5,47,366,22108,JAISAL जैसल
5,47,366,22109,KATHUD कठूड़
5,47,366,22110,KHAINURI खैनुरी
5,47,366,22111,KHALLA खल्ला
5,47,366,22112,KIRULI किरुली
5,47,366,22113,KONJ POTHANI कोंज पोथानी
5,47,366,22114,KUJOUN MAIKOT कुजौन माईकोट
5,47,366,22115,LASEE लेसी
5,47,366,22116,LWANH Lwanh
5,47,366,22117,MAITHANA मैठाणा
5,47,366,22118,MAJOTHI मजोठी
5,47,366,22119,MANDAL मंडल
5,47,366,22120,MASON राजमिस्त्री
5,47,366,22121,NAIL KURAO नेल कुराओ
5,47,366,22122,NIJMULA निजमुला
5,47,366,22124,PALETHI पलेठी
5,47,366,22125,PANA पैना
5,47,366,22126,PILANG पिलंग
5,47,366,22128,RANGTOLI रंगटोली
5,47,366,22129,ROLI रोली
5,47,366,22130,ROPA रोपा
5,47,366,22131,ROPA SEMDUGRA रोपा सेमदुगरा
5,47,366,22132,SAINJI सैंजी
5,47,366,22133,SAIKOT सैकोट
5,47,366,22134,SALLA RETOLI सल्ला रेटोली
5,47,366,22135,SARTOLI सारतोली
5,47,366,22136,SIROLI सिरोली
5,47,366,22137,SONLA सोनला
5,47,366,22138,SYUNA स्यूना
5,47,366,22139,TANGSA तांगसा
5,47,366,22140,TEDA KHANSAL टेडा खंसल
5,47,367,22141,ATTHU अत्तू
5,47,367,22142,BALAN बालन
5,47,367,22143,BERADHAR बेराधार
5,47,367,22144,CHAUD चौड
5,47,367,22145,CHOTING चोट लगना
5,47,367,22146,DHARA TALLA धारा तल्ला
5,47,367,22147,DEVSARI देवसारी
5,47,367,22148,DEWAL (SELKHOLA) देवल (सेलखोला)
5,47,367,22149,FALDIYA GAON फल्दियागांव
5,47,367,22150,GHES GHES
5,47,367,22151,HARMAL हरमल
5,47,367,22152,HARNI हरनी
5,47,367,22153,HAT KALYANI हत कल्याणी
5,47,367,22154,HIMANI हिमानी
5,47,367,22155,JHALIYA झलिया
5,47,367,22156,KAIL गोभी
5,47,367,22157,KANDAI कांडई
5,47,367,22158,KHETA MANMATI खेता मन्मती
5,47,367,22159,KOTEDA कोटेड़ा
5,47,367,22160,KOTHI कोठी
5,47,367,22161,KULING कुलिंग
5,47,367,22162,LINGARI लिंगरी
5,47,367,22163,LOUSARI लौसारी
5,47,367,22164,LWANI LWANI
5,47,367,22165,MEL KHET मेल खेत
5,47,367,22166,MEL MINDA मेल मिंडा
5,47,367,22167,MOPATA मोपाटा
5,47,367,22168,MUNDOLI मुंडोली
5,47,367,22169,NALDHURA नालधुरा
5,47,367,22170,ODAR ओडीएआर
5,47,367,22171,PADMALA पदमाला
5,47,367,22172,PALWARA पलवाड़ा
5,47,367,22173,PINAU पिनाउ
5,47,367,22174,PURNA पूर्णा
5,47,367,22175,RAMPUR रामपुर
5,47,367,22176,SARKOT सरकोट
5,47,367,22177,SAWAD सवाद
5,47,367,22178,SUIEYA सुइया
5,47,367,22179,TAJPUR ताजपुर
5,47,367,22180,TORTI टोरटी
5,47,367,22181,ULANGRA उलंगरा
5,47,367,22182,VAN वैन
5,47,367,22183,BANK किनारा
5,47,367,22184,BANUDI बानुड़ी
5,47,368,22185,AAGAR आगर
5,47,368,22186,AASON (AALI MAJYADI) आसोन (आली माज्यादी)
5,47,368,22187,AIROLI ऐरोली
5,47,368,22188,ANDRAPA एंड्रापा
5,47,368,22189,BADEITH बडेथ
5,47,368,22190,BAINITHAL (ADIBADRI) बैनीथल (आदिबद्री)
5,47,368,22191,BANIYANI बनियानी
5,47,368,22192,BATAGWALI बटागावली
5,47,368,22193,BEDITALLI बेदित्तल्ली
5,47,368,22194,BHALSON भालसों
5,47,368,22195,BHANDARI KHOR भंडारी खोर
5,47,368,22196,BISONA बिसोना
5,47,368,22197,BOONGA बूंगा
5,47,368,22198,CHHIMTA छिमटा
5,47,368,22199,CHORDA अस्थि-बंधन
5,47,368,22200,DEVPURI देवपुरी
5,47,368,22201,DHAMKAR धमकर
5,47,368,22203,DIWADHAR दिवाधर
5,47,368,22204,DUNGRI डुंगरी
5,47,368,22205,FARKANDE फरकंडे
5,47,368,22207,GANDIYAL MALLA गंडियाल मल्ला
5,47,368,22209,GHANDIYAL घंडियाल
5,47,368,22210,GOGNA MALLA गोगना मल्ला
5,47,368,22211,GOL गोल
5,47,368,22213,HARGARH हरगढ़
5,47,368,22214,JAKHET जखेत
5,47,368,22215,JALCHAURA MALLA जलचौरा मल्ला
5,47,368,22216,JHUMAKHET झुमाखेत
5,47,368,22217,JHUMAKHET UTTARI झुमाखेत उत्तर
5,47,368,22218,KAFLODI कफलोदी
5,47,368,22219,KALCHUNDA कलचुण्डा
5,47,368,22220,KALIMATI कालीमाटी
5,47,368,22221,KALYANI TALLI कल्याणी तल्ली
5,47,368,22222,KANDARI KHOR कंडारी खोर
5,47,368,22223,KANSUWA कांसुवा
5,47,368,22224,KHAL (KUMKHOLI) खाल (कुमखोली)
5,47,368,22225,KHETH खेत
5,47,368,22226,KHETI खेती
5,47,368,22227,KIRSAL किर्सल
5,47,368,22228,KOLANI कोलानी
5,47,368,22229,KOT कोट
5,47,368,22230,KOTA कोटा
5,47,368,22231,KOYLAKH कोयलाख
5,47,368,22232,KUNIGAD MALLI कुनिगाड़ मल्ली
5,47,368,22233,KUNKHET कुनखेत
5,47,368,22234,KUSRANI कुसरानी
5,47,368,22235,LAKHERI लखेरी
5,47,368,22236,LAMBAGAR लामबगड़
5,47,368,22237,LANGTAIN (SILPATA) लैंगटेन (सिलपाटा)
5,47,368,22238,MAIKHOLI मैखोली
5,47,368,22239,MAJIYARI MALLI माजियारी मल्ली
5,47,368,22240,MALAI मलाई
5,47,368,22241,MALETHI मलेठी
5,47,368,22242,MALKOT मालकोट
5,47,368,22243,MALSI मालसी
5,47,368,22244,MARODA मरोदा
5,47,368,22245,MATHKOT मथकोट
5,47,368,22246,MEHAL CHAURI मेहल चौरी
5,47,368,22247,NAGALI नागाली
5,47,368,22248,NAIL नाखून
5,47,368,22249,NAINI नैनी
5,47,368,22250,PANCHALI पांचाली
5,47,368,22251,PANJYANA पांज्याणा
5,47,368,22252,PARWARI परवारी
5,47,368,22253,PINDWALI पिंडवाली
5,47,368,22254,PUNGAON पुंगाव
5,47,368,22255,PYURA प्यूरा
5,47,368,22256,RAMRA MALLA रामरा मल्ल
5,47,368,22258,ROHIDA रोहिड़ा
5,47,368,22260,SARKOT सरकोट
5,47,368,22261,SILANGA सिलंगा
5,47,368,22263,SIRANA सिराना
5,47,368,22265,SUMERPUR सुमेरपुर
5,47,368,22266,SYUNI MALLI स्यूणी मल्ली
5,47,368,22267,SYUNI TALLI स्यूणी टल्ली
5,47,368,22268,TEITUDA टीटुडा
5,47,368,22269,VACHHUWA WAN वछुवा वान
5,47,368,22270,VEENA वीना
5,47,369,22271,AALA JOKHANA आला जोखाना
5,47,369,22272,BAIRON बैरन
5,47,369,22273,BANJ BAGAR बंज बागर
5,47,369,22274,BHENTI भेंटी
5,47,369,22275,BHERNI भेरनी
5,47,369,22276,BIJAR बिजार
5,47,369,22277,BURA बुरा
5,47,369,22278,CHAKA चाका
5,47,369,22279,CHARBANG चारबंग
5,47,369,22280,DHURMA धूर्मा
5,47,369,22281,FALI फली
5,47,369,22282,GANDASU गंडासू
5,47,369,22283,GHUNI घुनी
5,47,369,22284,GULARI गुलारी
5,47,369,22285,JAKHANI जखनी
5,47,369,22286,KANOL कनोल
5,47,369,22287,KANDAI कांडई
5,47,369,22288,KHUNANA खुनाना
5,47,369,22289,KUMJUG कुमजुग
5,47,369,22290,KURUD GOONTH कुरूद गूंथ
5,47,369,22291,LANKHI लांखी
5,47,369,22292,LUNTARA लुनतारा
5,47,369,22293,LWAANI लवाणी
5,47,369,22294,MANAKHI मनखी
5,47,369,22295,MATAI मताई
5,47,369,22296,MATHKOT मथकोट
5,47,369,22297,MOKH MALLA मोख मल्ल
5,47,369,22298,MOKH TALLA मोख तल्ला
5,47,369,22299,NAINI (CHOPRA KOT) नैनी (चोपड़ाकोट)
5,47,369,22300,NARANGI नारंगी
5,47,369,22301,NAUNA BANALA नौना बनाला
5,47,369,22302,PADERGAON पाडेरगांव
5,47,369,22303,PAGNA पगना
5,47,369,22304,PERI पेरी
5,47,369,22305,RAJWAGATI राजवागति
5,47,369,22306,RAMANI रमानी
5,47,369,22307,SAINTI सैंटी
5,47,369,22308,SAKAND सकन्द
5,47,369,22309,SARPANI सर्पाणी
5,47,369,22310,SEMA सेमा
5,47,369,22311,SUNG गाया
5,47,369,22312,SUTOL सुतोल
5,47,369,22313,SYARI BANGALI सियारी बंगाली
5,47,369,22314,USTOLI उस्तोली
5,47,369,22315,VADUK वडुक
5,47,370,22316,BARAGAON बारागॉंव
5,47,370,22317,BHALAGAON भालागांव
5,47,370,22318,BHANGYUL भंग्युल
5,47,370,22319,BHARKI भर्की
5,47,370,22320,BHYUNDAR भ्यूंडार
5,47,370,22321,CHAIN जंजीर
5,47,370,22322,DHAK धक्
5,47,370,22323,DRONAGIRI द्रोणगिरि
5,47,370,22324,DUMAK डुमक
5,47,370,22325,DWING TAPAUN डविंग तपौं
5,47,370,22326,FARKIYA फरकिया
5,47,370,22327,GAMSALI गमसाली
5,47,370,22328,GANAI गनई
5,47,370,22329,GULAB KOTI गुलाबकोटि
5,47,370,22330,HELANG हेलांग
5,47,370,22331,JAKHOLA जखौला
5,47,370,22332,JELAM जेलम
5,47,370,22333,KALGOTH कलगोथ
5,47,370,22334,KAILASHPUR कैलाशपुर
5,47,370,22335,KARCHHON करछोन
5,47,370,22336,KIMANA किमाणा
5,47,370,22337,KOSHA कोष
5,47,370,22338,LAM BAGAR लैम बागर
5,47,370,22339,LANGASI लंगासी
5,47,370,22340,LATA लता
5,47,370,22341,LYARI THEINA LYARI थीना
5,47,370,22342,MALARI मलारी
5,47,370,22343,MANA मन
5,47,370,22344,MERAG मेराग
5,47,370,22345,MOLTA मोल्टा
5,47,370,22346,NEETI नीति
5,47,370,22347,PAGNO पैग्नो
5,47,370,22348,PAINI दर्द
5,47,370,22349,PAKHI पाखी
5,47,370,22350,PANDUKESHAR पाण्डुकेशर
5,47,370,22351,POKHANI पोखनी
5,47,370,22352,RINGI रिंगी
5,47,370,22353,REINI रेइनी
5,47,370,22354,REGDI रेगडी
5,47,370,22355,SALUD DUNGRA सलूद डुंगरा
5,47,370,22356,SELANG सेलंग
5,47,370,22357,SUBHAI सुभाई
5,47,370,22358,TANGANI MALLI तंगानी मल्ली
5,47,370,22359,TANGANI TALLI तंगानी तल्ली
5,47,370,22360,TAPOVAN तपोवन
5,47,370,22361,THEING थेइंग
5,47,370,22362,TOLMA टोलमा
5,47,370,22363,URGAM उर्गम
5,47,370,22364,BAMPA बम्पा
5,47,371,22365,AEIRWADI एयरवाडी
5,47,371,22366,END अंत
5,47,371,22367,BAGOLI बगौली
5,47,371,22368,BENOLI बेनोली
5,47,371,22369,BANAGOAN बनगांव
5,47,371,22370,BANASOLI बनसोली
5,47,371,22371,BANTOLI बनतोली
5,47,371,22372,BARTOLI बारतोली
5,47,371,22373,BASKWALI बासक्वाली
5,47,371,22374,BAULA बौला
5,47,371,22375,BHATOLI LAGA GAIROLI भटोली लगा गैरोली
5,47,371,22376,CHAMALI चमाली
5,47,371,22377,CHAMOLA कैमोला
5,47,371,22378,CHHATOLI छतौली
5,47,371,22379,CHAUKI चौकी
5,47,371,22380,CHAUNDALI चौंदली
5,47,371,22381,CHULA चुला
5,47,371,22382,CHULAKOT चुलाकोट
5,47,371,22383,DEWAL देवल
5,47,371,22384,DHAMDHAMA धमधमा
5,47,371,22385,DHANAI धनाई
5,47,371,22386,DHARKOT धारकोट
5,47,371,22387,DHUNGALWALI ढुंगलवाली
5,47,371,22388,DIMMAR डिम्मर
5,47,371,22389,DIYAR KOT दियार कोट
5,47,371,22390,DUNGRI JASPUR डुंगरी जसपुर
5,47,371,22391,DUWA डुवा
5,47,371,22392,GAINTHI गैंती
5,47,371,22393,GANOLI गनौली
5,47,371,22394,GAWANI गवानी
5,47,371,22395,GHANDIYAL घंडियाल
5,47,371,22396,GHATORA घटोरा
5,47,371,22397,JAIKANDI (BARSOLI) जयकंडी (बारसोली)
5,47,371,22398,JAKH जाख
5,47,371,22399,JASYARA जस्यारा
5,47,371,22400,JHIRKOTI झिरकोटी
5,47,371,22401,KALESHWAR कालेश्वर
5,47,371,22402,KALYANI कल्याणी
5,47,371,22403,KAMEDA कामेड़ा
5,47,371,22404,KANDA MAIKHURA कांडा मैखुरा
5,47,371,22405,KANDARA कंडारा
5,47,371,22406,KANKHUL MALLA कनखुल मल्ल
5,47,371,22407,KANKHUL TALLA कनखुल तल्ला
5,47,371,22408,KANOTH कनोथ
5,47,371,22409,KOLSON कोलसन
5,47,371,22410,KHADGOLI खड़गोली
5,47,371,22411,KHARSAIN खरसैण
5,47,371,22412,KHATYARI खत्यारी
5,47,371,22413,KIMOLI किमोली
5,47,371,22414,KOLA DUNGRI कोला डूंगरी
5,47,371,22415,KOTI कोटि
5,47,371,22416,KUNETH कुनेथ
5,47,371,22417,LANGASU लंगासु
5,47,371,22418,MAJYADI माज्यादि
5,47,371,22420,MATIYALA मटियाला
5,47,371,22421,NAINI नैनी
5,47,371,22422,NAKOT नाकोट
5,47,371,22423,NAUSARI BARMOLI नौसारी बारमोली
5,47,371,22424,NAUTI नौटी
5,47,371,22425,PUDIYANI पुड़ियाणी
5,47,371,22426,RATURA रतुरा
5,47,371,22427,SALIYANA MALLA सलियाणा मल्ला
5,47,371,22428,SEINU सेइनु
5,47,371,22429,SEM एसईएम
5,47,371,22430,SERA GAD सीरा घूमना-फिरना
5,47,371,22431,SIDOLI सिदोली
5,47,371,22432,SILANGI सिलंगी
5,47,371,22433,SINDRAWANI सिंद्रावानी
5,47,371,22434,SIRAN सिरन
5,47,371,22435,SIRI महोदय मै
5,47,371,22437,SUKHTOLI सुखटोली
5,47,371,22438,SUNAI सुनई
5,47,371,22439,SUNAK सुनक
5,47,371,22440,SUNALI सुनाली
5,47,371,22441,SWARKA SWARKA
5,47,371,22442,TEFNA TEFNA
5,47,371,22443,THAPLI थापली
5,47,371,22444,THIRPAK थिरपाक
5,47,371,22445,TOP शीर्ष
5,47,371,22446,UMMTTA उम्मट्टा
5,47,371,22447,UMRAKOT (BAIDANA) उमरकोट (बैदाना)
5,47,371,22448,UTTRAON उतराओन
5,47,374,22449,AALKOT आलकोट
5,47,372,22450,ANGOTH अंगोथ
5,47,372,22451,ASER असर
5,47,374,22452,BAJWAD बजवाड
5,47,372,22453,BHAGOTI भगोती
5,47,372,22454,BHANGOTA भंगोटा
5,47,372,22455,BHATIYANA (KOT) भटियाणा (कोट)
5,47,374,22456,BHATIYANA भाटियाना
5,47,372,22457,BHULKWANI भुलकवानी
5,47,372,22458,BOONGA बूंगा
5,47,372,22459,CHHEKURA छेकुरा
5,47,372,22460,CHIRKHUN चिरखुन
5,47,372,22461,CHOPTA चोपटा
5,47,372,22462,DANGTOLI डांगटोली
5,47,374,22463,DHALU ढालू
5,47,374,22464,DHARBARAM धरबारम
5,47,372,22465,DUNGRI डुंगरी
5,47,372,22466,GARHASERA गढ़सेरा
5,47,372,22467,GAIR BARAM ग़ैर बारम
5,47,372,22468,HANSKOTI हंसकोटी
5,47,372,22469,HARMANI MALLI हरमानी मल्ली
5,47,372,22470,HARMANI TALLI हरमानी तल्ली
5,47,372,22471,JAKH KARAKOT जाख काराकोट
5,47,372,22472,JAKH PATYUN जाख पाट्युन
5,47,374,22473,JABAR KOT जबर कोट
5,47,372,22474,JHINJHONI झिंझौनी
5,47,372,22475,JUNER जूनर
5,47,372,22476,KAFARTEER कफ्तार
5,47,372,22477,KAFOLI कफौली
5,47,372,22478,KANDWAL GAON कंडवाल गांव
5,47,372,22479,KANSOLA कांसोला
5,47,372,22480,KAUB कौब
5,47,372,22481,KEWAR MALLA केवर मल्ल
5,47,372,22482,KHAINOLI खैनोली
5,47,372,22483,KIMOLI किमोली
5,47,372,22484,KOT कोट
5,47,372,22485,KOTHULI कोथुली
5,47,374,22486,KULSARI कुलसारी
5,47,372,22487,LODLA लोदला
5,47,372,22488,MAIDUNI मैदुनी
5,47,374,22489,MAITA MALLA मैता मल्ला
5,47,372,22490,MAL मल
5,47,372,22491,MANODA मनोदा
5,47,372,22492,MARODA मरोदा
5,47,372,22493,MAUNA मौना
5,47,372,22494,MEENG मींग
5,47,372,22495,NAINI नैनी
5,47,372,22496,NAL GAON नलगांव
5,47,372,22497,NAMTOL नामटोल
5,47,372,22498,NARAYAN BAGAR नारायण बागर
5,47,372,22499,NILADI निलादि
5,47,372,22500,PALCHHUNI पलछौनी
5,47,374,22501,PASTOLI पास्टोली
5,47,372,22502,RAINS बारिश
5,47,372,22503,RITHIYA MALLA रिठिया मल्ला
5,47,372,22504,SIRI महोदय मै
5,47,372,22505,SUNBHI सुनभी
5,47,372,22506,TYUNLA त्युनला
5,47,372,22507,BAMIYALA बमियाला
5,47,372,22508,BEDULA बेदुला
5,47,372,22509,BEINAULI बेनौली
5,47,372,22510,VINAYAK विनायक
5,47,373,22511,AALI आली
5,47,373,22512,AIRAS एआईआरएएस
5,47,373,22513,BAMOTH बामोत
5,47,373,22514,BEENA गया एक
5,47,373,22515,BHADUDA भदूदा
5,47,373,22516,BHIKONA भिकोना
5,47,373,22517,BRAHMAN THALA ब्राह्मण थाला
5,47,373,22518,CHOUNDI चौंडी
5,47,373,22521,DHAMAK धमाका
5,47,373,22522,DUNGAR डूंगर
5,47,373,22523,JILASU जिलासु
5,47,373,22524,GIRASA गिरसा
5,47,373,22525,GODI GIWALA गोदी गिवाला
5,47,373,22526,GUDAM गुडम
5,47,373,22528,HARISHANKAR हरिशंकर
5,47,373,22529,JAURASI जौरासी
5,47,373,22530,JHILOTI झिलोटी
5,47,373,22531,KALSIR कालसीर
5,47,373,22532,KANDAI CHADRASHILA कांडई चंद्रशिला
5,47,373,22533,KANDAI KHOLA कांडई खोला
5,47,373,22534,KARCHHUNA करछौना
5,47,373,22535,KHAL खाल
5,47,373,22536,KHAL BAJETHA खल बजेठा
5,47,373,22537,KHANNI खन्नी
5,47,373,22538,KIMOTHA किमोथा
5,47,373,22539,KUJASU कुजासु
5,47,373,22540,KWINTHI क्विंथी
5,47,373,22541,MAJYADI माज्यादि
5,47,373,22542,MASOLI मसोली
5,47,373,22543,NAIL AETHA कील ऐथा
5,47,373,22544,NAULI नौली
5,47,373,22545,NEL नेल
5,47,373,22546,PAINI दर्द
5,47,373,22547,PATI JAKHMALA पाटी जखमाला
5,47,373,22548,PAV पीएवी
5,47,373,22549,POGTHA पोग्था
5,47,373,22551,RADUWA राडुवा
5,47,373,22552,RANAU रनाऊ
5,47,373,22553,ROUTA ROUTA
5,47,373,22554,SALNA सलना
5,47,373,22555,SARMOLA सरमोला
5,47,373,22556,SATIYANA सत्याना
5,47,373,22557,SEM एसईएम
5,47,373,22559,SERA सीरा
5,47,373,22560,"SHARANA शरना, अफ़्ग़ानिस्तान"
5,47,373,22561,SHARANA CHAI शरण चाय
5,47,373,22562,SIMKHOLI सिमखोली
5,47,373,22563,SINAU PALLA सिनाउ पल्ला
5,47,373,22564,SINAU TALLA MALLA सिनाउ तल्ला मल्ला
5,47,373,22565,SIWAI सिवई
5,47,373,22566,SODA MANGRA सोडा मंगरा
5,47,373,22567,SRIGARH श्रीनगर
5,47,373,22568,SUGI सुगी
5,47,373,22569,TALI KANSARI ताली कंसारी
5,47,373,22570,TAMUNDI तमुंडी
5,47,373,22571,THALA BEIND थाला बिंड
5,47,373,22572,TONAJI टोनाजी
5,47,373,22573,TRISHULA त्रिशूल
5,47,373,22574,UTTRAON उतराओन
5,47,373,22576,BANGTHAL बंगथल
5,47,373,22577,BINGARH बिनगढ़
5,47,373,22578,BIRSAN SERA बिरसन सेरा
5,47,374,22581,BURSOL बर्सोल
5,47,374,22582,CHEPRON शेप्रॉन
5,47,374,22583,CHIDINGA MALLA चिडिंगा मल्ला
5,47,372,22584,CHIDINGA TALLA चिडिंगा तल्ला
5,47,374,22585,CHOUNDA चौंदा
5,47,374,22587,DEWALGWAD देवलग्वाड़
5,47,374,22588,DEWALKOT देवलकोट
5,47,374,22589,DUNGAKHOLI डुंगाखोली
5,47,374,22590,DUNGRI डुंगरी
5,47,374,22591,GERUD गेरूड
5,47,374,22592,GOTHINDA गोठिंडा
5,47,374,22593,GUDAM गुडम
5,47,374,22594,GWALDAM ग्वालदम
5,47,374,22595,HARINAGAR ( LETAL ) हरिनगर (लेटल)
5,47,374,22596,JOULA BUDJOLA जौला बुडजोला
5,47,372,22597,KEIN PENTI कीन पेंटी
5,47,374,22598,KAKHADA कखड़ा
5,47,374,22599,KIMANI किमानी
5,47,374,22600,KOLPURI कोलपुरी
5,47,372,22601,KOTHA कोठा
5,47,374,22602,KUNI PARTHA कुनि पार्थ
5,47,374,22603,KURAD कुराड़
5,47,374,22604,LOLTI लोल्टी
5,47,374,22605,MAL BAJWAD मल बाजवाड
5,47,374,22606,MAIN मुख्य
5,47,372,22607,NAKHOLI नाखोली
5,47,372,22608,PAITHANI Paithani
5,47,374,22609,PENGARH पेनगढ़
5,47,374,22610,RATGAON रतगांव
5,47,372,22611,RAIGAON रायगांव
5,47,374,22612,RUI SANA रुई सना
5,47,372,22613,SANKOT सांकोट
5,47,374,22614,SERA VIJAYPUR सेरा विजयपुर
5,47,372,22615,SILODI सिलोदी
5,47,372,22616,SIMLI SIMLI
5,47,374,22617,SOONA सूना
5,47,374,22618,SUNAU MALLA सुनौ मल्ला
5,47,374,22619,SUNAU TALLA सुनौ तल्ला
5,47,374,22620,SUNLA सुनला
5,47,374,22621,TALWADI KHALSA तलवाड़ी खालसा
5,47,374,22622,TALWADI STATE तलवाड़ी राज्य
5,47,374,22623,THALA थाला
5,47,374,22625,TRIKOT त्रिकोट
5,47,374,22626,TUNGESHWAR तुंगेश्वर
5,47,374,22627,BAINOLI बैनोली
5,47,372,22628,BANELA बनेला
5,47,374,22629,BOONGA बूंगा
5,48,375,22630,AAGAR आगर
5,48,375,22631,BAIRA BADWAL बैरा बड़वाल
5,48,375,22632,BAIRAOM बैराओम
5,48,375,22633,BALSAUN बलसौं
5,48,375,22634,BANTOLI बनतोली
5,48,375,22635,BARAKOT बाराकोट
5,48,375,22636,BAUTARIMAY GUNTH बाउटारिमे गुंथ
5,48,375,22637,BISRADI बिसराडी
5,48,375,22638,CHAMI Chamí
5,48,375,22639,CHAMRAULI चमरौली
5,48,375,22640,CHHANDA चंदा
5,48,375,22641,CHHULAPE छुलापे
5,48,375,22642,CHURANI चुरानी
5,48,375,22643,DAYARTOLI दयारटोली
5,48,375,22644,DHATI GAON धाती गांव
5,48,375,22645,EZARA एजारा
5,48,375,22646,FARTOLA फार्टोला
5,48,375,22647,GALLA GAON गल्ला गांव
5,48,375,22648,GUMAID गुमैद
5,48,375,22649,GWEENARA ग्वेनारा
5,48,375,22650,JHIRKUNI झिरकुनी
5,48,375,22651,KAKAR KHATERI काकर खातेरी
5,48,375,22652,KAKRI ककड़ी
5,48,375,22653,KAMA JYULA काम जूला
5,48,375,22654,KHAKORA खकोरा
5,48,375,22655,KHOLASUNAR खोलासुनार
5,48,375,22656,KOTHERA कोठेरा
5,48,375,22657,LIDU LIDU
5,48,375,22658,MALLA BAPARU मल्ला बापरु
5,48,375,22659,MAU मऊ
5,48,375,22660,MIRTOLI मर्तोली
5,48,375,22661,NADERA नादेरा
5,48,375,22662,PAMDA PAMDA
5,48,375,22663,PARADO SERA पैराडो सेरा
5,48,375,22664,PUNYAL पुनियाल
5,48,375,22665,RAI DHARI राय धारी
5,48,375,22666,RAIGAON रायगांव
5,48,375,22667,RAWAL GAON रावल गाँव
5,48,375,22668,SALAN सैलान
5,48,375,22669,SEEL अंधा करना
5,48,375,22670,SINGADA सिंगाड़ा
5,48,375,22671,SUNGAR KHAL सुंगरखाल
5,48,375,22672,SUTERA सुतेरा
5,48,375,22673,TADAG TADAG
5,48,375,22674,TALLA BAPRU तल्ला बापरू
5,48,375,22675,TARI GAON तारी गाँव
5,48,376,22676,AAM KARIYA आम करिया
5,48,376,22677,AERI GUROLI एईआरआई गुरौली
5,48,376,22678,BACHKOT बचकोट
5,48,376,22679,BADOLI बड़ौली
5,48,376,22680,BAGERI बगेरी
5,48,376,22681,BAJARI KOT बजरी कोट
5,48,376,22682,BAJAUN बजौन
5,48,376,22683,BAKODA बकोड़ा
5,48,376,22684,BAMANPURI बमनपुरी
5,48,376,22685,BANBASA बनबसा
5,48,376,22686,BAR PASS बार पास
5,48,376,22687,BASTIYA बस्तिया
5,48,376,22688,BHAGINA BHANDARI भागिना भंडारी
5,48,376,22689,BHAJANPUR भजनपुर
5,48,376,22690,BHANDAR BORA भंडार बोरा
5,48,376,22691,BHUNGA KHIYALI भूंगा खियाली
5,48,376,22692,BIRGUL बिरगुल
5,48,376,22693,BUDAM बुदम
5,48,376,22694,CHATKOT चटकोट
5,48,376,22695,CHAUKI चौकी
5,48,376,22696,CHAUKUNI BORA चौकुनी बोरा
5,48,376,22697,CHENI GUNTH TALLI चेनी गुंठ टल्ली
5,48,376,22698,CHORA DUMKHARI चोरा दुमखरी
5,48,376,22699,CHORA KHYALI चोरा ख्याली
5,48,376,22700,CHORA SETHI चोरा सेठी
5,48,376,22701,DANDA MALLA डंडा मल्ला
5,48,376,22702,DHAKANA BADOLA ढाकाना बडोला
5,48,376,22703,DHAUN RAUT धौन राउत
5,48,376,22704,DHURA धूरा
5,48,376,22705,DIGDAI डिगडाई
5,48,376,22706,DIYURI दिउरी
5,48,376,22707,DUBAR JAINAL दुबार जैनल
5,48,376,22708,DUDHAURI दुधौरी
5,48,376,22709,DUNGARA SETHY डुंगारा सेठी
5,48,376,22710,FUNGAR MAPHI फ़ंगर माफ़ी
5,48,376,22711,GARKOT गरकोट
5,48,376,22712,GHURCHUM घुर्चुम
5,48,376,22713,GOLI गोली
5,48,376,22714,GURKHOLI GUNTH गुरखोली गुंठ
5,48,376,22715,HARIPUR NAR SINGH DANDA हरिपुर नर सिंह डांडा
5,48,376,22716,JAI GAON JAITOLI जय गाँव जैतोली
5,48,376,22717,JAUL जौल
5,48,376,22718,JHALA KUDI झाला कुड़ी
5,48,376,22719,KAKNAI MALLI ककनाई मल्ली
5,48,376,22720,KALI GOOTH (PURNAGIRI) काली गूठ (पूर्णागिरी)
5,48,376,22722,KAPHALATA MALLA कफलता मल्ला
5,48,376,22723,KARI कारी
5,48,376,22724,KATHNAULI कठनौली
5,48,376,22725,KHAL KARIYA खल करिया
5,48,376,22726,KHARK KARKEE खरक कार्की
5,48,376,22727,KHATOLI TALLI खतौली तल्ली
5,48,376,22728,KOT AMORI कोट अमोरी
5,48,376,22729,KOYATI कोयाति
5,48,376,22730,LADA BORA लाडा बोरा
5,48,376,22731,LAFARA लाफारा
5,48,376,22732,MAIROLI मैरोली
5,48,376,22734,MANIHAR GUNTH मनिहार गुंठ
5,48,376,22735,MATELA मटेला
5,48,376,22736,MATHIYA BANJH मठिया बांझ
5,48,376,22737,MOHANPUR मोहनपुर
5,48,376,22738,MOURARI मौरारी
5,48,376,22739,MUDYANI मुडयानी
5,48,376,22740,NAGHAN नागाहन
5,48,376,22741,NAULA PANI नौलापानी
5,48,376,22742,NAYAK GUNTH नायक गुंठ
5,48,376,22743,NEED TALLI टैली चाहिए
5,48,376,22744,PACHNAI पचनई
5,48,376,22745,PACHPAKARIYA पचपकरिया
5,48,376,22746,PALSO PALSO
5,48,376,22747,PHAGPUR फागपुर
5,48,376,22748,PINANA पिनाना
5,48,376,22749,POLAP पोलाप
5,48,376,22750,POTH पोथ
5,48,376,22751,PUNETHI पुनेठी
5,48,376,22752,RAMAILA रमैला
5,48,376,22753,RIYASI BAMAN GAON रियासी बामन गांव
5,48,376,22754,RUIEYAN रुइयान
5,48,376,22755,SAILANI GUNTH सैलानी गुंठ
5,48,376,22756,SALLI सल्ली
5,48,376,22757,SHAKTI PUR BUNGA शक्ति पुर बंगा
5,48,376,22758,SILAR सिलार
5,48,376,22759,SIMALTA सिमल्टा
5,48,376,22760,SIMIYORI सिमियोरी
5,48,376,22761,SIPTI SIPTI
5,48,376,22762,SIYALA सियाला
5,48,376,22763,SORAI सोराय
5,48,376,22764,SUYAL KHARK सुयाल खर्क
5,48,376,22765,SWALA स्वाला
5,48,376,22766,TAMALI तमाली
5,48,376,22767,TARKULI तरकुली
5,48,376,22768,THUWAL KHERA थुवाल खेड़ा
5,48,376,22769,UCHOULI GUNTH उचौली गुंठ
5,48,376,22770,VAILLA वैला
5,48,377,22771,BAGOTI बगोटी
5,48,377,22772,BALAI बलाई
5,48,377,22773,BANDELA DEK बंदेला डेक
5,48,377,22774,BANKOO बैंकू
5,48,377,22775,BASAN बासन
5,48,377,22776,BHUMLAI भुमलाई
5,48,377,22777,BIBIL बिबिल
5,48,377,22778,BINDA TIWARI बिंदा तिवारी
5,48,377,22779,BUSKUNI बसकुनी
5,48,377,22780,CHAUDALA चौडाला
5,48,377,22781,CHAURI RAI चौरीराय
5,48,377,22782,CHHATOLI छतौली
5,48,377,22783,DENSLI डेंस्ली
5,48,377,22784,DORJA दोर्जा
5,48,377,22785,DUMDAI दमदई
5,48,377,22786,DUNGARA BORA डूंगरा बोरा
5,48,377,22787,DUNGARA LETI डुंगारा लेटी
5,48,377,22788,DUNGARI डूंगरी
5,48,377,22789,DUNGARI FARTIYAL डुंगरी फर्त्याल
5,48,377,22790,FORTHI आगे
5,48,377,22791,GANGNAULA गंगनौला
5,48,377,22792,GUR MANGAL गुड़ मंगल
5,48,377,22793,GURELI गुरेली
5,48,377,22794,JAKH JINDI जाख जिन्दी
5,48,377,22795,KALCHAURA कलचौरा
5,48,377,22796,KALIGAON कालीगांव
5,48,377,22797,KAMLADY कमलाडी
5,48,377,22798,KAYAL कायल
5,48,377,22799,KHAIKOT MALLA खैकोट मल्ला
5,48,377,22800,KHAIS KANDEY खैस कांडेय
5,48,377,22801,KHATERA MALLA खटेरा मल्ला
5,48,377,22802,KHUNA BORA खुना बोरा
5,48,377,22803,KIMTOLI किमतोली
5,48,377,22804,KOLIDEK कोलिडेक
5,48,377,22805,KOT कोट
5,48,377,22806,KOTLA कोटला
5,48,377,22807,KOYATI कोयाति
5,48,377,22808,KUNADI कुनाड़ी
5,48,377,22809,MAANA DHUNGA मैना ढुंगा
5,48,377,22810,MADCHAMAR मदचामर
5,48,377,22811,MADUWA मडुवा
5,48,377,22812,MAJH PEEPAL माझ पीपल
5,48,377,22813,MAJHERA मझेरा
5,48,377,22814,MANGOLI मंगोली
5,48,377,22815,MARLAK PANDEY मार्लक पांडे
5,48,377,22816,MATIYANI मटियानी
5,48,377,22817,MORA मोरा
5,48,377,22818,MOTYU RAJ मोतियु राज
5,48,377,22819,NAKOT नाकोट
5,48,377,22820,NAKOT KHOLIYA नाकोट खोलिया
5,48,377,22821,NASKHOLA नासखोला
5,48,377,22822,NIDIL निडिल
5,48,377,22823,PASAM पसम
5,48,377,22824,PATAN PATANI पाटन पाटनी
5,48,377,22825,PAU पऊ
5,48,377,22826,PULLA पुल्ला
5,48,377,22827,RAIKOT KANWAR रायकोट कंवर
5,48,377,22828,SAILPEDU सेलपेडू
5,48,377,22829,SILING सिलिंग
5,48,377,22830,SULALA सुलाला
5,48,377,22831,THATA कि एक
5,48,377,22832,THUWA MARA थुवा मारा
5,48,377,22833,TUN KANDEY ट्यून कैंडी
5,48,378,22834,AMOLI अमौली
5,48,378,22835,ANARPA अनर्पा
5,48,378,22836,BALIK बालिक
5,48,378,22837,BALTARI बलटारी
5,48,378,22838,BANAULY बनौली
5,48,378,22839,BANS BANSWALI बांस बांसवाली
5,48,378,22840,BARSEE बारसी
5,48,378,22841,BHAINSKAR भैंसकर
5,48,378,22842,BHINGRADA भिंगराड़ा
5,48,378,22843,BHUMWARI भुमवारी
5,48,378,22844,BIGRAKOT बिगराकोट
5,48,378,22845,BINWAL GAON बिनवाल गाँव
5,48,378,22847,CHALTHIYA चल्थिया
5,48,378,22848,CHAURA GUNTH चौरा गुंठ
5,48,378,22849,CHAURA PITA चौरा पिटा
5,48,378,22850,CHILNIYA चिलनिया
5,48,378,22851,CHORA KOT चोरा कोट
5,48,378,22852,CHORA SAUN चोरा सौन
5,48,378,22853,DEVI DHURA देवी धुरा
5,48,378,22854,DHARAUNCH धरौंच
5,48,378,22855,DHARSAUN धरसौं
5,48,378,22856,DUNGRAKOT डुंगराकोट
5,48,378,22857,GADYURA गद्युरा
5,48,378,22858,GAGAR गागर
5,48,378,22859,GAHTODA गहतौदा
5,48,378,22860,GARSARI गरसारी
5,48,378,22861,GAWAYIE गवेयी
5,48,378,22862,GOL DANDA गोल डंडा
5,48,378,22863,GOSANI गोसानी
5,48,378,22864,GUM गम
5,48,378,22865,HOLI PIPLATI होली पिपलति
5,48,378,22866,ITTAZA DUNGRA इत्ताज़ा डुंगरा
5,48,378,22867,JAN KANDE जन कंडे
5,48,378,22868,JAULADI जौलड़ी
5,48,378,22869,JHUDAILEE झुडैली
5,48,378,22870,KAJEENA कजीना
5,48,378,22871,KAMLEKH कामलेख
5,48,378,22872,KANA KOT काना कोट
5,48,378,22873,KANI KOT कानी कोट
5,48,378,22874,KANWAR कांवर
5,48,378,22875,KARAULY करौली
5,48,378,22876,KHARAHI खराही
5,48,378,22877,KHUTELY खुटेली
5,48,378,22878,KIMAD किमाड
5,48,378,22879,KOTNA कोटना
5,48,378,22880,KULYALGAON कुल्यालगांव
5,48,378,22881,KUND कुंड
5,48,378,22882,LADI लाडी
5,48,378,22883,MACHHIYAD मछियाड
5,48,378,22884,MANAR TALLA मनार तल्ला
5,48,378,22885,MANGLEKH मंगलेख
5,48,378,22886,MANTANDY मनटंडी
5,48,378,22887,MARA GAON मारा गांव
5,48,378,22888,MAUN KANDA मौन कांडा
5,48,378,22889,MOLNA JAKH मोल्ना जाख
5,48,378,22890,MULA KOT मुला कोट
5,48,378,22891,NILAUTY निलौटी
5,48,378,22892,PAREWA परेवा
5,48,378,22893,PATAN GAON पाटनगांव
5,48,378,22894,PATI पति
5,48,378,22895,PEEPAL TEENG पीपल टींग
5,48,378,22896,PUNAULY पुनौली
5,48,378,22897,RAILMEL रेलमेल
5,48,378,22898,RAMAK रामक
5,48,378,22899,RIKHOLI रिखोली
5,48,378,22900,SAAL बीस साल
5,48,378,22901,SAKDENA सकदेना
5,48,378,22902,SANGO सांगो
5,48,378,22903,SEERMAULY सीरमौली
5,48,378,22904,SEERTOLY सीरटोली
5,48,378,22905,SIBYOLY सिब्योलि
5,48,378,22906,SILYURI GUNTH सिल्युरी गुंथ
5,48,378,22907,SUNDUNGARA सुन्दुंगारा
5,48,378,22908,TANDA MALLA टांडा मल्ला
5,48,378,22909,TAPNI PAL तपनी पाल
5,48,378,22910,THUWA MAUNI थुवा मौनी
5,48,378,22911,TIMILAGUNTH तिमिलागुंठ
5,48,378,22912,TYARSAUN टायरसौं
5,49,379,22914,ANNU अन्नु
5,49,379,22915,BANIYANA बनियाना
5,49,379,22916,BAYALA बयाला
5,49,379,22917,BEGI बेगी
5,49,379,22918,BHANDROLI भंद्रोली
5,49,379,22919,BHATAAD भटाड़
5,49,379,22920,BHATGARHI भाटगढ़ी
5,49,379,22921,BHUNAR भुनार
5,49,379,22922,BIJANU बिजानू
5,49,379,22923,BRINAD BASTHIL ब्रिनाड बैस्टिल
5,49,379,22924,BULAD बुलाड
5,49,379,22925,KURAD KHANAD SINCHAAD कुराड़ खानद सिंचाड
5,49,379,22926,BURASWA बुरास्वा
5,49,379,22927,BURAYALA बुरायला
5,49,379,22928,CHATRA चतरा
5,49,379,22929,CHILHAAD चिल्हड़
5,49,379,22930,DABLA डाबला
5,49,379,22931,DASAU दासौ
5,49,379,22932,DAUDHA दौधा
5,49,379,22933,GHANTA घंटा
5,49,379,22934,GABELA गैबेला
5,49,379,22935,GUTHAD गुठड
5,49,379,22936,HAJA हाजा
5,49,379,22937,HARTAD SANTAD हरताद संताद
5,49,379,22938,JADI जैदी
5,49,379,22939,JHITAAD झीताड़
5,49,379,22940,JOGYO जोग्यो
5,49,379,22941,KAIRAAD कैराढ़
5,49,379,22942,KANDHAR कंधार
5,49,379,22943,KANDI CHAMA GATA कंडी चामा गता
5,49,379,22944,KANDOI BHARAM कांडोई भारम
5,49,379,22945,KANDOI BONDAR कांडोई बोंदर
5,49,379,22946,KHABAU खबऊ
5,49,379,22947,KHARAURA खरौरा
5,49,379,22948,KHARSI खरसी
5,49,379,22949,KHATUWA खटुवा
5,49,379,22950,KISTURE KISTURE
5,49,379,22951,KITRAULI कितरौली
5,49,379,22952,KOHLA Kohlâ
5,49,379,22953,KOTA TAPLAAD कोटा तापलाड
5,49,379,22954,KOTAQUANU कोटाक्वानु
5,49,379,22955,KOTI BABAR कोटि बाबर
5,49,379,22956,KOTI KANASAR कोटि कानासर
5,49,379,22957,KULAH कुलाह
5,49,379,22958,KUNA कुना
5,49,379,22959,KUNAUN कुनाऊं
5,49,379,22960,KUNWA कुनवा
5,49,379,22961,LAKHA MANDAL लाखामंडल
5,49,379,22962,LAVDI लावडी
5,49,379,22963,LOHARI लोहारी
5,49,379,22964,MAGHGAON (KWAN) माघगांव (क्वान)
5,49,379,22965,MAHRAWNA महरावना
5,49,379,22966,MAINDRATH मैनड्रथ
5,49,379,22967,MAJHGAON मझगांव
5,49,379,22968,MALAITHA मलैथा
5,49,379,22969,MASAK रसोई की किताब
5,49,379,22970,MEGHATU मेघातु
5,49,379,22971,MENDAL मेंडल
5,49,379,22972,MUNDHOL मुन्धोल
5,49,379,22973,MUNGAD मुंगाड
5,49,379,22974,MYUNDA म्युंडा
5,49,379,22975,NADA नाडा
5,49,379,22976,PENWA पेनवा
5,49,379,22977,PHANAR फनार
5,49,379,22978,PUNAH POKHRI पुना पोखरी
5,49,379,22979,RADU राडू
5,49,379,22980,RAIGI रायगी
5,49,379,22981,RAJANU राजनु
5,49,379,22982,RANGYO रंग्यो
5,49,379,22983,RAWANA रावण
5,49,379,22984,SAHIYA सहिया
5,49,379,22985,SIDI BARKOTI सिदी बरकोटी
5,49,379,22986,SUJAU सुजौ
5,49,379,22987,THARTHA थर्था
5,49,379,22988,TUETAAD टुएटाड
5,49,379,22989,BEHMU बेहमू
5,49,380,22991,BADKOT बडकोट
5,49,380,22992,BADONWALA बड़ोंवाला
5,49,380,22993,BAGI बागी
5,49,380,22996,BHOGPUR भोगपुर
5,49,380,23000,CHHIDAR WALA छिद्दर वाला
5,49,380,23002,DUDHLI दूधली
5,49,380,23003,GADIMAY CHAK गदीमय चक
5,49,380,23004,GADOOL गडूल
5,49,380,23005,GOUHARI MAFI गौहारी माफ़ी
5,49,380,23006,GUMANI WALA गुमानी वाला
5,49,380,23007,HARIPUR KALAN हरिपुर कलां
5,49,380,23009,JEEVAN WALA जीवन वाला
5,49,380,23012,KHADRI KHARAK MAAF खदरी खरक माफ़
5,49,380,23013,KHAND RAIWALA खंड रायवाला
5,49,380,23014,KOUDSI कौडसी
5,49,380,23017,MAJRI GRANT प्रमुख अनुदान
5,49,380,23019,MARKHAM GRANT मार्खम अनुदान
5,49,380,23022,NAGAL JAWALAPUR नागल ज्वालापुर
5,49,380,23025,PRATIT NAGAR प्रतीत नगर
5,49,380,23026,RAINA PUR GRANT रैनापुर अनुदान
5,49,380,23027,RAIWALA रायवाला
5,49,380,23028,RANI POKHRIGRANT रानी पोखरीग्रान्ट
5,49,380,23029,RANIPOKHRI MAUJA रानीपोखरी मौजा
5,49,380,23031,SARANG DHAR WALA सारंग धर वाला
5,49,380,23032,SHAB NAGAR साहबनगर
5,49,380,23033,SHAYAM PUR श्यामपुर
5,49,380,23034,SIMLAAS GRANT शिमला अनुदान
5,49,380,23035,THAKUR PUR ठाकुरपुर
5,49,381,23036,ASTAAD अस्ताद
5,49,381,23037,BADNU बदनू
5,49,381,23038,BAGI बागी
5,49,381,23039,BAGNA BAGNA
5,49,381,23040,BAJAU बजऊ
5,49,381,23041,BAMRAAD बमराड़
5,49,381,23042,BANSAAR बांसर
5,49,381,23043,BASAYA बसया
5,49,381,23044,BHANJRA भंजरा
5,49,381,23045,BIJAU बिजऊ
5,49,381,23046,BISOI बिसोई
5,49,381,23047,CHANDAU चंदौ
5,49,381,23048,CHITAD चिताड़
5,49,381,23049,CHOR KUNAVA चोर कुनावा
5,49,381,23050,DAGURA डगुरा
5,49,381,23051,DAU दाउ
5,49,381,23052,DESAU देसौ
5,49,381,23053,DHAIRA धैरा
5,49,381,23054,DHANPAU धनपौ
5,49,381,23055,DIMAU डिमऊ
5,49,381,23056,DOHA दोहा
5,49,381,23057,DOU दोगुनी
5,49,381,23058,GADOL गडोल
5,49,381,23059,GANGRO गैंगरो
5,49,381,23060,GASKI गास्की
5,49,381,23061,GHARANA घराने
5,49,381,23062,HASHTI हस्ती
5,49,381,23063,HARIPUR हरिपुर
5,49,381,23064,HAYOTANGARI हयोटांगरी
5,49,381,23065,ICHHILA इच्छिला
5,49,381,23066,JADANA जदाना
5,49,381,23067,JANDAU जन्दौ
5,49,381,23068,JOSHI GOTHAN जोशी गौठान
5,49,381,23069,JUSSO BHAKRO जूसो भाकरो
5,49,381,23070,JUTHAYA जुठैया
5,49,381,23071,KACHTA KACHTA
5,49,381,23072,KAHA NEHRA PUNAH काहा नेहरा पुनाह
5,49,381,23073,KAKNAOI ककनोई
5,49,381,23074,KALSI कलसी
5,49,381,23075,KAMLA कमला
5,49,381,23076,KANBUA कनबुआ
5,49,381,23077,KETARI केतारी
5,49,381,23078,KHADI खादी
5,49,381,23079,KHAMROLI खमरौली
5,49,381,23080,KHANI खानी
5,49,381,23081,KHATAAR खटार
5,49,381,23082,KHATI खाती
5,49,381,23083,KHUNNA ALMAN खुन्ना अलमन
5,49,381,23084,KORWA कोरवा
5,49,381,23085,KOTHA TARLI कोठा तारली
5,49,381,23086,KOTI कोटि
5,49,381,23087,KUNNA कुन्ना
5,49,381,23088,KUROLI कुरोली
5,49,381,23089,KWASA क्वासा
5,49,381,23090,KYARI क्यारी
5,49,381,23091,LACCHA लच्छा
5,49,381,23092,LAKHASYAR लखसियार
5,49,381,23093,LAKHWAD लखवाड
5,49,381,23094,LELTA LELTA
5,49,381,23095,LORLI लोरली
5,49,381,23096,LUHARI लुहारी
5,49,381,23097,MAGROLLI मैगरोली
5,49,381,23098,MANDOLI मनडोली
5,49,381,23099,MUNDHAN मुंडन
5,49,381,23100,NAGAU नागौ
5,49,381,23101,NARAYA नारायणा
5,49,381,23102,NEBI नेबी
5,49,381,23103,NITHLA निथला
5,49,381,23104,PANJIYA पंजिया
5,49,381,23105,PANUWA पनुवा
5,49,381,23106,RANIGAON रानीगांव
5,49,381,23107,RIKHAAD रिखाड़
5,49,381,23108,RUPAU RuPaul
5,49,381,23110,SAKROL सकरोल
5,49,381,23111,SALGA साल्गा
5,49,381,23112,SAMALTA समाल्टा
5,49,381,23113,SARADI सराडी
5,49,381,23114,SAWAI सवाई
5,49,381,23115,SUPAU सुपऊ
5,49,381,23116,SUREU सुरेउ
5,49,381,23117,THAINA थैना
5,49,381,23118,THANA थाना
5,49,381,23119,TILWADI तिलवाड़ी
5,49,381,23120,UBHREU उबरेउ
5,49,381,23121,UDPALTA उडपल्टा
5,49,381,23122,VYAS NEHARI व्यास निहारी
5,49,382,23123,AKHANDWALI BHILANG अखंडवाली भिलंग
5,49,382,23125,ASTHAL अस्थल
5,49,382,23126,BADASI GRANT बडासी अनुदान
5,49,382,23130,BHOPAL PANI भोपालपानी
5,49,382,23132,CHAMASARI चामासारी
5,49,382,23133,CHAMROLLI कैमरोली
5,49,382,23136,DHARKOT धारकोट
5,49,382,23137,DWARA द्वार
5,49,382,23139,HALDWADI हल्द्वाडी
5,49,382,23142,KARLI GAAD कार्ली गाड
5,49,382,23143,KHERIMAN SINGH खीरीमन सिंह
5,49,382,23145,KOTIMAI CHAK कोटिमाई चक
5,49,382,23146,KUDIYAL कुड़ियाल
5,49,382,23147,KYARA क्यारा
5,49,382,23149,LADWA KOT लाडवा कोट
5,49,382,23154,NAHI KALAN नहि कलां
5,49,382,23155,NALI KALAN नली कलां
5,49,382,23161,RAMNAGAR DANDA रामनगर डांडा
5,49,382,23162,SAN GAON सैनगांव
5,49,382,23163,SARAUNA सरौना
5,49,382,23165,SERAKI सेराकी
5,49,NULL,23168,SILLA सिला
5,49,382,23169,SINDHWAL GAON सिंधवालगांव
5,49,382,23170,SODA SAROLI सोडा सारोली
5,49,382,23172,TALAI तलाई
5,49,382,23174,THANO थानो
5,49,382,23175,THEVA MALDEVTA थेवा मालदेवता
5,49,382,23176,TIMLI MANSINGH तिमली मानसिंह
5,49,383,23177,AAMWALA आमवाला
5,49,383,23179,ABDUALLA PUR अब्दुल्लापुर
5,49,383,23180,AMBI WALA अम्बी वाला
5,49,383,23181,ATAKFARM अटकफार्म
5,49,383,23182,BHAGVAN PURJULO भगवान पुर्जुलो
5,49,383,23183,BHAGVANT PUR भगवंतपुर
5,49,383,23184,BHITARLI भितरली
5,49,383,23185,BIDHAULI बिधौली
5,49,383,23186,BILASHPUR KANDALI बिलासपुर कंडाली
5,49,383,23187,BISHT GOAN बिष्ठ गोवा
5,49,383,23189,CHANDROTI चंद्रोटी
5,49,383,23190,CHARBA चरबा
5,49,383,23191,CHAUKI चौकी
5,49,383,23192,DHAKI ढाकी
5,49,383,23193,DHOOLKOT MAFI धूलकोट माफ़ी
5,49,383,23194,DHUDHAI दुदही
5,49,383,23195,THAKURPUR EAST HOPE TOWN ठाकुरपुर ईस्ट होप टाउन
5,49,383,23196,GAJIYAWALA गजियावाला
5,49,383,23197,GALJWADI गलजवाड़ी
5,49,383,23198,GANGOL PANDITWADI गंगोल पंडितवाड़ी
5,49,383,23199,GUJRADA KARANPUR गुजराड़ाकरणपुर
5,49,383,23200,HARIA WALA KALAN हरिया वाला कलाँ
5,49,383,23201,HARIYAVALA KHURD हरियावाला खुर्द
5,49,383,23202,JHAJRA झाझरा
5,49,383,23204,KANDOLI कंडोली
5,49,383,23205,KANSWALI KOTHDI कांसवाली कोठड़ी
5,49,383,23206,KARBARI GRANT कारबारी अनुदान
5,49,383,23207,KHUSHHAL PUR खुशहालपुर
5,49,383,23208,KOTDA KALYANPUR कोटडा कल्याणपुर
5,49,383,23209,KOTDA SANTAUR कोटडा सांतौर
5,49,383,23211,KYAR KULIBHATTA क्यार कुलीभट्टा
5,49,383,23212,LAXMI PUR लक्ष्मीपुर
5,49,383,23214,MISRAS PATTI मिसरास पट्टी
5,49,383,23216,NAUGANVA नौगांवा
5,49,383,23217,PALIO NATHUWALA पालियो नाथूवाला
5,49,383,23218,PAUNDHA पौंधा
5,49,383,23219,PURUKAL GAON पुरुकल गांव
5,49,383,23220,RAJA WALA राजा वाला
5,49,383,23221,RAMPUR BHAOWALA रामपुर भाऊवाला
5,49,383,23222,RAMPUR KALAN रामपुर कलां
5,49,383,23223,RIKHOLI रिखोली
5,49,383,23224,SAHASPUR सहसपुर
5,49,383,23225,SHANKAR PUR शंकरपुर
5,49,383,23226,SINGLI सिंगली
5,49,383,23227,SUDHOWALA सुधोवाला
5,49,383,23228,TILWADI तिलवाड़ी
5,49,384,23231,ADU WALA अडू वाला
5,49,384,23232,AITAN BAG एटन बैग
5,49,384,23233,AMABADI अमाबादी
5,49,384,23235,BADAMA WALA बदामा वाला
5,49,384,23236,BADWA बड़वा
5,49,384,23237,BAIRAGIWALA बैरागीवाला
5,49,384,23238,BALUWALA बालूवाला
5,49,384,23239,BAVANDHAR बावनधार
5,49,384,23240,BHALER भालेर
5,49,384,23241,BHEEMAWALA भीमावाला
5,49,384,23242,BULAKIWALA बुलाकीवाला
5,49,384,23243,CHANDPUR KHURD चांदपुर ख़ुर्द
5,49,384,23244,DAKPATHAR डाकपत्थर
5,49,384,23245,DHAKRANI ढकरानी
5,49,384,23246,DHALANI धलानी
5,49,384,23247,DHALIPUR ढालीपुर
5,49,384,23248,DHARMA WALA धर्म वाला
5,49,384,23249,FATEHPUR फ़तेहपुर
5,49,384,23250,HASANPUR KALYANPUR हसनपुर कल्याणपुर
5,49,384,23251,HORA WALA होरा वाला
5,49,384,23252,JAMAN KHATA जामन खाता
5,49,384,23253,JAMNIPUR जमनीपुर
5,49,384,23254,JASSOWLALA जस्सोवलाला
5,49,384,23255,JATOWALA जाटोवाला
5,49,384,23256,JEEVAN GARH जीवन गढ़
5,49,384,23257,KATA PATHAR काटा पत्थर
5,49,384,23258,KEDARAWALA केदारावाला
5,49,384,23259,KUNJA GRANT कुंजा अनुदान
5,49,384,23261,LAKHANLWALA NEVAT लाखनवाला नेवत
5,49,384,23262,LANGHA लंघा
5,49,384,23263,MADRSU मद्रासू
5,49,384,23264,MAJRI माजरी
5,49,384,23265,MATOGI माटोगी
5,49,384,23266,MEDNIPUR BADRIPUR मेदनीपुर बद्रीपुर
5,49,384,23267,MEHUWALA KHALSA मेहुवाला खालसा
5,49,384,23268,NAWABGARH नवाबगढ़
5,49,384,23269,PAPDIYAN पपड़ियान
5,49,384,23270,PARTIT PUR पार्टिट पुर
5,49,384,23271,PASTA पास्ता
5,49,384,23272,PRITHVI PUR पृथ्वीपुर
5,49,384,23274,RUDRAPUR रुद्रपुर
5,49,384,23275,SABHAWALA सभावाला
5,49,384,23276,SHAH PUR KALYANPUR शाहपुर कल्याणपुर
5,49,384,23277,SHERPUR शेरपुर
5,49,384,23278,SHESAMBADA शीशमबदा
5,49,384,23279,SORNA SORNA
5,49,384,23280,TAULI तौली
5,49,384,23281,TIMLI टिमली
5,49,384,23282,TIPARPUR टिपरपुर
5,50,385,23283,ADARSH TEHRI NAGAR आदर्श टिहरी नगर
5,50,385,23284,AHMADPUR GRUNT अहमदपुर ग्रन्ट
5,50,385,23285,AJITPUR अजीतपुर
5,50,385,23286,ALAWALPUR अलावलपुर
5,50,385,23287,ALIPUR IBRAHIMPUR अलीपुर इब्राहिमपुर
5,50,385,23288,AANNEKI HETAMPUR आन्नेकी हेतमपुर
5,50,385,23289,ATMALPUR BONGLA अत्मालपुर बोंगला
5,50,385,23290,AURANGABAD औरंगाबाद
5,50,385,23291,BADSHAHPUR बादशाहपुर
5,50,385,23292,BAHADARPUR JAT बहादुरपुर जाट
5,50,385,23293,BAHADRABAD बहादराबाद
5,50,385,23294,BAN GANGA गंगा पर प्रतिबंध लगाओ
5,50,385,23295,BHAGTANPUR ABIDPUR भगतानपुर आबिदपुर
5,50,385,23296,BISHANPUR KUNDI बिशनपुर कुंडी
5,50,385,23297,BODAHEDI बोदाहेड़ी
5,50,385,23298,DADUBANS दादूबांस
5,50,385,23299,DADUPUR GOVINDPUR दादूपुर गोविंदपुर
5,50,385,23300,DALUWALA KALAN डालूवाला कलां
5,50,385,23301,DALUWALA MAJBATTA डालूवाला मजबत्ता
5,50,385,23302,DUDHALA DAYALWALA दुधला दयालवाला
5,50,385,23303,GADOWALI गाडोवाली
5,50,385,23304,GAINDI KHATA गैंदी खाता
5,50,385,23305,GARH गढ़
5,50,385,23306,HAZARA GRUNT हजारा ग्रंट
5,50,385,23308,JAMALPUR KALAN जमालपुर कलां
5,50,385,23309,JASAWAWALA जसावावाला
5,50,385,23310,JASODAR PUR जसोदरपुर
5,50,385,23311,KANGRI कांगड़ी
5,50,385,23312,KASAMPUR कासमपुर
5,50,385,23313,KATARPUR ALIPUR कतारपुर अलीपुर
5,50,385,23314,KHALA TEERA खाला तीरा
5,50,385,23315,KHELDI खेलडी
5,50,385,23316,KOTA MURAD NAGAR कोटा मुरादनगर
5,50,385,23317,LALDHANG लालढांग
5,50,385,23318,MANUBANS GRUNT मनुबंस ग्रंट
5,50,385,23319,MEERPUR MUWAZPUR मीरपुर मुवाज़पुर
5,50,385,23320,MOHAMMADPUR KUNHARI मोहम्मदपुर कुन्हारी
5,50,385,23321,MOHD. BEGPUR URF TAKABHARI एमओएचडी. बेगपुर उरफ टाकाभारी
5,50,385,23322,MUSTAFABAD मुस्तफाबाद
5,50,385,23323,NASIRPUR KALAN नसीरपुर कलां
5,50,385,23324,NURPUR PANJANHEDI नूरपुर पंजनहेड़ी
5,50,385,23325,DHANPURA URF PADARTHA धनपुरा उर्फ ​​पदारथा
5,50,385,23326,PEETPUR पीतपुर
5,50,385,23327,PHERUPUR RAMKHERA फेरुपुर रामखेड़ा
5,50,385,23328,PURANPUR SALHAPUR पूरनपुर साल्हापुर
5,50,385,23329,RAJPUR राजपुर
5,50,385,23330,HARDEVPUR SAHDEVPUR URF RANI MAJRA हरदेवपुर सहदेवपुर उर्फ ​​रानी माजरा
5,50,385,23331,RANSURA रणसूरा
5,50,385,23332,RASOOLPUR MITHIBERI रसूलपुर मीठीबेरी
5,50,385,23333,RAWALI MAHDOOD रावली महदूद
5,50,385,23334,RUHALKI KISHANPUR रुहालकी किशनपुर
5,50,385,23335,SAHDEVPUR DINARPUR सहदेवपुर दीनारपुर
5,50,385,23336,SAJANPUR PILI सजनपुर पीली
5,50,385,23337,SALEMPUR MAHDOD सलेमपुर महदौद
5,50,385,23338,SANGHIPUR संघीपुर
5,50,385,23339,SARAI सराय
5,50,385,23340,SHAHPUR SHITALAKHERA शाहपुर शीतलाखेड़ा
5,50,385,23341,SHIV NAGAR शिव नगर
5,50,385,23342,SHIVDASPUR URF TELIWALA शिवदासपुर उर्फ ​​तेलीवाला
5,50,385,23343,SHYAMPUR NAUABAD श्यामपुर नौआबाद
5,50,385,23345,SOHALPUR SIKRODHA सोहलपुर सिकरोढ़ा
5,50,385,23346,SULTANPUR MAZRI सुल्तानपुर माजरी
5,50,386,23347,AKBARPUR KALSON अकबरपुर कलसन
5,50,386,23348,ALAWALPUR अलावलपुर
5,50,386,23349,BAHBALPUR HANSOWALA बहबलपुर हंसोवाला
5,50,386,23350,BAHEDAKI SAIDABAD बहेड़ाकी सैदाबाद
5,50,386,23351,BALEKI YUSUFPUR बालेकी युसुफपुर
5,50,386,23352,BANJARE WALA GRUNT बंजारे वाला ग्रंट
5,50,386,23354,BHALASWAGAJ भलस्वागाज
5,50,386,23355,BINARASI URF BULED बिनरासी उरफ बुलेद
5,50,386,23356,BINDU KHARAK बिन्दु खरक
5,50,386,23357,CHHAPPERSHER AFGANPUR छप्परशेर अफगानपुर
5,50,386,23358,CHAULLI SHAHBUDDINPUR चौल्ली शाहबुद्दीनपुर
5,50,386,23359,CHUDIYALA MOHANPUR चुड़ियाला मोहनपुर
5,50,386,23360,JALALPUR DADA जलालपुर दादा
5,50,386,23361,DARIYAPUR DAYALPUR दरियापुर दयालपुर
5,50,386,23362,DAULATPUR HAZRATPUR URF BUDHWA SAHEED दौलतपुर हजरतपुर उर्फ़ बुधवा शहीद
5,50,386,23363,DHEER MAZRA धीर माजरा
5,50,386,23364,FATEHULLAHPUR TELPURA फतेहुल्लाहपुर तेलपुरा
5,50,386,23365,HABIBPUR NIWADA हबीबपुर निवादा
5,50,386,23366,HAKIMPUR TURRA हकीमपुर तुर्रा
5,50,386,23367,HALLU MAZRA हल्लू माजरा
5,50,386,23368,HASANPUR MADANPUR हसनपुर मदनपुर
5,50,386,23369,IBRAHIMPUR MASAHI इब्राहिमपुर मसही
5,50,386,23370,JHIRIYAN GRUNT झिरियान ग्रंट
5,50,386,23371,KHAJOORI खजूरी
5,50,386,23372,KHEDI SHIKOHPUR खेड़ी शिकोहपुर
5,50,386,23373,KHELPUR NASURULLAPUR खेलपुर नसरुल्लापुर
5,50,386,23374,KUNJA BAHADARPUR कुंजा बहादरपुर
5,50,386,23375,LALWALA KHALSA लालवाला खालसा
5,50,386,23376,LAM GRUNT लैम ग्रंट
5,50,386,23377,LATIFPUR KHUBBANPUR लतीफपुर खुब्बनपुर
5,50,386,23378,MAHESHWARI माहेश्वरी
5,50,386,23379,MANAK MAZRA मानक माजरा
5,50,386,23380,MANAKPUR ADAMPUR मानकपुर आदमपुर
5,50,386,23381,MANDAWAR मण्डावर
5,50,386,23382,MAZAHIDPUR SATIWALA मजाहिदपुर सतीवाला
5,50,386,23383,MOHITPUR मोहितपुर
5,50,386,23384,MOLNA मोल्ना
5,50,386,23385,MUKARRAMPUR URF KALEWALA मुकर्रमपुर उर्फ ​​कालेवाला
5,50,386,23386,NANGAL PALOONI नंगल पलूनी
5,50,386,23387,NAUKARA GRUNT नौकरा ग्रन्ट
5,50,386,23388,PATTI DADA पट्टी दादा
5,50,386,23389,ROHALKI DAYALPUR रोहालकी दयालपुर
5,50,386,23390,RAIPUR रायपुर
5,50,386,23392,SARTHERI SHAHJAHANPUR सरथेरी शाहजहाँपुर
5,50,386,23393,SHAHEED WALA GRANT शहीद वाला अनुदान
5,50,386,23394,SIKANDERPUR BHAINSWAL सिकंदरपुर भैंसवाल
5,50,386,23395,SIKRAUDHA सिकरौधा
5,50,386,23396,SIRCHANDI सिरचंडी
5,50,386,23397,SISONA सिसोना
5,50,386,23398,SUNEHTI AALAHPUR सुनेहटी आलाहपुर
5,50,386,23399,TEJUPUR तेजुपुर
5,50,387,23400,ABDUL RAHIMPUR अब्दुल रहीमपुर
5,50,387,23401,BHARUWALA भारूवाला
5,50,387,23402,CHANDRAPURI BANGAR चंद्रपुरी बांगर
5,50,387,23403,CHANDRAPURI KHADAR चंद्रपुरी खादर
5,50,387,23404,DALLA WALA दल्ला वाला
5,50,387,23405,DHARAMPUR ROHALKI धर्मपुर रोहालकी
5,50,387,23406,GORDHANPUR गोरधनपुर
5,50,387,23407,KALSIA कलसिया
5,50,387,23408,KANEWALI RAISINGH कानेवाली रायसिंह
5,50,387,23409,KARANPUR करणपुर
5,50,387,23410,KHANPUR खानपुर
5,50,387,23411,LALCHANDWALA लालचंदवाला
5,50,387,23412,MADA BELA माडा बेला
5,50,387,23413,MIRZAPUR MOHNAWALA मिर्ज़ापुर मोहनावाला
5,50,387,23414,MIRZAPUR SADAAT मीरजापुर सादात
5,50,387,23415,MO.PUR MATHANA मो.पुर मथना
5,50,387,23416,PODOWALI पोडोवाली
5,50,387,23417,PRAHALADPUR प्रहलादपुर
5,50,387,23418,RAGHUNATHPUR URF BALAWALI रघुनाथपुर उर्फ ​​बालावाली
5,50,387,23419,SIKANDERPUR सिकंदरपुर
5,50,387,23420,TUGALPUR तुगलपुर
5,50,388,23421,AITHAL BUJURG ऐथल बुजुर्ग
5,50,388,23422,AKABARPUR UDD अकबरपुर उद
5,50,388,23423,AKAUDHA KHURD अकौधाखुर्द
5,50,388,23424,AKAUDHA KALAN अकौधा कलां
5,50,388,23425,ALAWALPUR अलावलपुर
5,50,388,23426,BAHADARPUR KHADAR बहादरपुर खादर
5,50,388,23427,BAKKARPUR बक्करपुर
5,50,388,23428,BASEDI KHADDAR बसेड़ी खद्दर
5,50,388,23429,BHOGPUR भोगपुर
5,50,388,23430,BHURNA भुरना
5,50,388,23431,BHIKKAMPUR JEETPUR भिक्कमपुर जीतपुर
5,50,388,23432,BUKKANPUR बुक्कनपुर
5,50,388,23433,DABKI KALAN दबकी कलां
5,50,388,23434,DARGAHPUR दरगाहपुर
5,50,388,23435,DAUSNI डौसनी
5,50,388,23436,DHADHEKI DHANA ढाढेकी धना
5,50,388,23437,DUNGARPUR डूंगरपुर
5,50,388,23438,FATWA फतवा
5,50,388,23439,HABIBPUR KUDI हबीबपुर कुड़ी
5,50,388,23440,HUSAINPUR हुसैनपुर
5,50,388,23441,ISMAILPUR इस्माइलपुर
5,50,388,23442,JAWAHARKHAN URF JHINWARHEDI जवाहरखान उर्फ ​​झींवरहेड़ी
5,50,388,23443,KEHADA केहड़ा
5,50,388,23444,KHANPUR खानपुर
5,50,388,23445,KHADANJA KUTUBPUR खड़ंजा कुतुबपुर
5,50,388,23446,KHEDI KHURD खेड़ी ख़ुर्द
5,50,388,23447,KHEDI MUBARAKPUR खेड़ी मुबारकपुर
5,50,388,23448,KUWAN KHERA कुवां खेड़ा
5,50,388,23449,LADPUR KALAN लाडपुर कलां
5,50,388,23450,MAHARAJPUR KALAN महाराजपुर कलां
5,50,388,23451,MAHARAJPUR KHURD महाराजपुर खुर्द
5,50,388,23452,MAHTAULI महतौली
5,50,388,23453,MOHD. PUR BUJURG AH (GAIR ABAD) एमओएचडी. पुर बुज़ुर्ग आह (गैर अबाद)
5,50,388,23454,MUBARAKPUR ALIPUR मुबारकपुर अलीपुर
5,50,388,23455,MAKHAYALI KALAN मखयाली कलां
5,50,388,23456,MUNDA KHERA KALAN मुंडा खेड़ा कलां
5,50,388,23457,MUNDA KHERA KHURD मुंडा खेड़ा खुर्द
5,50,388,23458,NAGLA KHITAB नगला खताब
5,50,388,23459,NAITWALA SAIDABAD नैटवाला सैदाबाद
5,50,388,23460,NEHANDPUR SUTHARI नेहांदपुर सुथरी
5,50,388,23461,NIRANJAN PUR निरंजनपुर
5,50,388,23462,PRATAPPUR प्रतापपुर
5,50,388,23463,RAISI रायसी
5,50,388,23464,RASOOLPUR URF KANKAR KHATA रसूलपुर उर्फ ​​कंकर खाता
5,50,388,23465,SETHPUR सेठपुर
5,50,388,23466,SIDHADU सीधडू
5,50,388,23467,SUBHASH GARH सुभाष गढ़
5,50,388,23468,SULTANPUR ADAMPUR सुल्तानपुर आदमपुर
5,50,389,23469,AKABARPUR DHADHEKI अकबरपुर ढाढेकी
5,50,389,23471,BRAHMPUR JAT ब्रह्मपुर जाट
5,50,389,23472,BASAWA KHEDI बसवा खेड़ी
5,50,389,23473,BHAGTOWALI भगतोवाली
5,50,389,23474,BHAGWANPUR CHANDANPUR भगवानपुर चंदनपुर
5,50,389,23475,BIJHAULI बिझौली
5,50,389,23476,BOODPUR JAT बूड़पुर जाट
5,50,389,23477,BUKKANPUR बुक्कनपुर
5,50,389,23478,DAHIYAKI दहियाकी
5,50,389,23479,DHANDERA ढंडेरा
5,50,389,23480,GADAR JUDDA गदर जुद्दा
5,50,389,23481,GADHARONA गाधारोना
5,50,389,23482,HARCHANDPUR हरचंदपुर
5,50,389,23483,HARJAULI JAT हरजौली जाट
5,50,389,23484,JHABREDI KALAN झबरेड़ी कलां
5,50,389,23485,JAINPUR JHANJHERI जैनपुर झंझेरी
5,50,389,23486,JHABIRAN JAT झबीरन जाट
5,50,389,23487,JORASI JABARDASTPUR जोरासी जबरदस्तपुर
5,50,389,23488,KHATKA खटका
5,50,389,23489,KHEDA JAT खेड़ा जाट
5,50,389,23490,KOTWAL ALAMPUR कोतवाल आलमपुर
5,50,389,23491,KUMRADI कुमराडी
5,50,389,23492,KURDI कुर्दी
5,50,389,23493,LAHBOLI लहबोली
5,50,389,23494,LAKHNAUTA लखनौता
5,50,389,23495,LATHARDEVA HOON लाठरदेवा हूं
5,50,389,23496,LIBBARHEDI लिब्बरहेड़ी
5,50,389,23497,MAKHDOOMPUR मखदूमपुर
5,50,389,23498,MANDAWALI मंडावली
5,50,389,23499,MANNA KHEDI मन्ना खेड़ी
5,50,389,23500,MOHAMMADPUR JAT मोहम्मदपुर जाट
5,50,389,23502,MUNDAYAKI मुंडयाकी
5,50,389,23503,MUNDALANA मुंडलाना
5,50,389,23504,MUNDET मुंडेट
5,50,389,23505,NAGLA IMARTI नगला इमरती
5,50,389,23506,NAGLA SALAROO नगला सलारू
5,50,389,23507,NAQIBPUR URF GOSHIPURA नकीबपुर उर्फ़ घोषीपुरा
5,50,389,23508,KALYANPUR URF NARSAN KALAN कल्याणपुर उर्फ ​​नारसन कलां
5,50,389,23509,NARSAN KHURD नारसन खुर्द
5,50,389,23510,NASIRPUR AFZALPUR नसीरपुर अफजलपुर
5,50,389,23511,NIZAMPUR निज़ामपुर
5,50,389,23512,BOODPUR NOORPUR बूड़पुर नूरपुर
5,50,389,23513,PEERPURA पीरपुरा
5,50,389,23514,SADAULI सादौली
5,50,389,23515,SAKAUTI KUWANHEDI सकौती कुवांहेड़ी
5,50,389,23516,SHERPUR KHELMAU शेरपुर खेलमऊ
5,50,389,23517,SHIKARPUR शिकारपुर
5,50,389,23518,SIKANDARPUR MAWAL सिकंदरपुर मावल
5,50,389,23519,SUSADI KHURD सुसाडीखुर्द
5,50,389,23520,TANDA BHANEDA टांडा भनेडा
5,50,389,23521,TIKAULA KALAN टिकौला कलां
5,50,389,23522,THASKA ठसका
5,50,389,23523,THITHAULA ठिठौला
5,50,389,23524,THITHAKI QAVADPUR ठिठकी कवादपुर
5,50,389,23525,UDALHEDI उदलहेड़ी
5,50,389,23526,ULHEDA उल्हेडा
5,50,390,23527,AKBARPUR FAZILPUR अकबरपुर फाजिलपुर
5,50,390,23528,AKBARPUR JHOJHA अकबरपुर झोझा
5,50,390,23529,BADHEDHI RAJPUTAN बधेधी राजपूतान
5,50,390,23530,BAHADARPUR SAINI बहादरपुर सैनी
5,50,390,23531,BAJUHEDI बाजूहेड़ी
5,50,390,23532,BELADI SALHAPUR बेलाढ़ी सल्हापुर
5,50,390,23533,BHANGEDI MAHAWATPUR भंगेड़ी महावतपुर
5,50,390,23534,BRAHMPUR SHANKARPURI ब्रह्मपुर शंकरपुरी
5,50,390,23535,BELDA बेल्दा
5,50,390,23537,BHARAPUR भारापुर
5,50,390,23538,BHAUNRI भौंरी
5,50,390,23539,DAULATPUR दौलतपुर
5,50,390,23540,DELNA डेल्ना
5,50,390,23541,DHANAURI धनौरी
5,50,390,23542,DHANDHERI KHWAZGIPUR ढंढेरी ख्वाजगीपुर
5,50,390,23543,HARJOLI JHOJHA हरजौली झोझा
5,50,390,23544,HATHIYA THAL हथिया थाल
5,50,390,23545,IBRAHIMPUR DEH. इब्राहिमपुर डीह.
5,50,390,23546,IMLIKHERA इमलीखेड़ा
5,50,390,23547,JALALPUR MUSTKAM जलालपुर मुस्तकम
5,50,390,23548,KARAUNDI करौंदी
5,50,390,23550,KHATA KHERI खाता खीरी
5,50,390,23551,KISHANPUR JAMALPUR किशनपुर जमालपुर
5,50,390,23552,LATHARDEWA SHEKH लाठरदेवा शेख
5,50,390,23553,MADHOPUR HAZRATPUR माधोपुर हजरतपुर
5,50,390,23555,MARGOOBPUR DEEDAHERI मरगूबपुर दीदाहेड़ी
5,50,390,23556,MAZRI GUMMAWALA माजरी गुम्मावाला
5,50,390,23557,MEHWAD KHURD मेहवदखुर्द
5,50,390,23558,MIRZAPUR MUSTAFABAD मिर्ज़ापुर मुस्तफ़ाबाद
5,50,390,23559,MOHAMMADPUR PANDA मोहम्मदपुर पंडा
5,50,390,23560,MOOLDASPUR मूलदासपुर
5,50,390,23562,NAGLA KUBADA नगला कुबड़ा
5,50,390,23563,NANHEDA ANANTPUR नन्हेड़ा अनंतपुर
5,50,390,23564,PADLI GANDA पाडली गांडा
5,50,390,23565,PANIYALA CHANDAPUR पनियाला चांदपुर
5,50,390,23567,PUHANA पुहाना
5,50,390,23568,RAHEEMPUR रहीमपुर
5,50,390,23569,RAHMATPUR रहमतपुर
5,50,390,23571,RANGHAD WALA रंघड़ वाला
5,50,390,23572,RASOOLPUR रसूलपुर
5,50,390,23573,SAFARPUR सफरपुर
5,50,390,23574,SAIDPURA URF MEHWAD KALAN सैदपुरा उर्फ ​​मेहवद कलां
5,50,390,23576,SALIYER SALHAPUR सालियर साल्हापुर
5,50,390,23579,SOHALPUR GAADA सोहलपुर गढ़ा
5,50,390,23580,SULTANPUR SABATWALI सुल्तानपुर साबतवाली
5,50,390,23582,TANSHIPUR तांशीपुर
5,50,390,23583,TODA KALYANPUR टोडा कल्याणपुर
5,51,391,23585,BAJEDI बझेड़ी
5,51,391,23586,BARGAL बरगल
5,51,391,23587,BASGOAN बासगांव
5,51,391,23588,BHATROJ भतरौज
5,51,391,23589,BHAWALIGAON भवालीगांव
5,51,391,23590,BINKOT बिनकोट
5,51,391,23591,BUDALA KOT बुडाला कोट
5,51,391,23592,BYASI ब्यासी
5,51,391,23593,CHADA KHERNA चड्ढा खेरना
5,51,391,23594,CHANDRA KOT चंद्रकोट
5,51,391,23595,CHAPAD चापड़
5,51,391,23596,CHYUNI च्यूनी
5,51,391,23597,DARIMA दरिमा
5,51,391,23598,DHANIYA KOT धनिया कोट
5,51,391,23599,DHARI धरी
5,51,391,23600,DHOL GAON ढोल गांव
5,51,391,23601,DIGTHARI दिग्ठारी
5,51,391,23602,DOVA डोवा
5,51,391,23603,GARJOLI गरजोली
5,51,391,23604,GHAGHARETI घाघरेती
5,51,391,23605,GHIROLI घिरौली
5,51,391,23606,GHORIYA HALSO घोरिया हालसो
5,51,391,23607,GHUNA घुना
5,51,391,23608,HALDYANI हल्दयानी
5,51,397,23609,HALI हाली
5,51,391,23610,HALSO KORD हेल्सो कॉर्ड
5,51,391,23611,HAROLI हरोली
5,51,391,23612,HARTAPA हरतापा
5,51,391,23613,JAINAULI जैनौली
5,51,391,23614,JAKH जाख
5,51,391,23615,JOSHI KHOLA जोशी खोला
5,51,391,23616,KAFULTA कफुल्टा
5,51,391,23617,KANDA कांड
5,51,391,23618,KATMEEGAJAR कटमीगझार
5,51,391,23619,KHAIRENI खैरेनी
5,51,391,23620,KHALAD खलाद
5,51,391,23621,KHEARLIBUNGA खेरलीबुंगा
5,51,391,23622,LOHALI लोहाली
5,51,391,23623,MAJHEDA मझेड़ा
5,51,391,23624,MALLA BARDHO मल्ला बरधो
5,51,391,23625,MALLA GAON मल्ला गाँव
5,51,391,23626,MALLA KOT मल्ल कोट
5,51,391,23627,MALLI PALI मल्ली पाली
5,51,391,23628,NAGHAR नागर
5,51,391,23629,NIGLAD MALLA निगलाड मल्ला
5,51,391,23630,ODA WASKOT ओडीए वास्कोट
5,51,391,23631,PADHALI पाढ़ली
5,51,391,23632,PANGKATARA पंगकटरा
5,51,391,23633,PATORI SUNSYARI पटोरी सुनस्यारी
5,51,391,23634,RIKHAULI रिखौली
5,51,391,23635,SEEM प्रतीत होना
5,51,391,23636,SHETY BELGAON शेट्टी बेलगांव
5,51,391,23637,SHETY DHARKOT शेट्टी धारकोट
5,51,391,23638,SILTONA सिल्टोना
5,51,391,23639,SIMALKHA सिमलखा
5,51,391,23640,SIRAUDI सिरौदी
5,51,391,23641,SUKHA सुखा
5,51,391,23642,TALLA BARDHO तल्ला बरधो
5,51,391,23643,TALLA GAON तल्ला गाँव
5,51,391,23645,TALLI PALI तल्ली पाली
5,51,391,23646,TALLI SETHI टल्ली सेठी
5,51,391,23647,TAURAD तौराद
5,51,391,23648,THAPAL RICHI थापल रिची
5,51,391,23650,TIWARI GAON तिवारी गाँव
5,51,391,23651,ULGOR उलगोर
5,51,392,23652,AGHORA अघोरा
5,51,392,23653,ALCHONA अल्कोना
5,51,392,23654,AMIYA अमिय
5,51,392,23655,AMRITPUR अमृतपुर
5,51,392,23656,BAIL जमानत
5,51,392,23657,BAJOON बाजून
5,51,392,23658,BALUTI बलूटी
5,51,392,23659,BANNA बन्ना
5,51,392,23660,BARET बैरेट
5,51,392,23661,BELUWA KHAN बेलुवा खान
5,51,392,23663,BHORAGAON भोरागांव
5,51,392,23664,BHORSA भोरसा
5,51,392,23665,BHUMIA DHAR भूमिया धार
5,51,392,23666,CHOPRA चोपड़ा
5,51,392,23667,DEHRA देहरादून
5,51,392,23668,DEVIDHURA देवीधुरा
5,51,392,23669,DOGRA डोगरा
5,51,392,23670,DUNGSIL डंगसिल
5,51,392,23671,GAETHIYA गाेठिया
5,51,392,23672,GAHLANA गहलाना
5,51,392,23673,GUMAL GAON गुमाल गाँव
5,51,392,23674,HAIDAKHAN हैड़ाखान
5,51,392,23675,HEADIYA GAON हेडिया
5,51,392,23676,JALAL GAON जलालगांव
5,51,392,23677,JANGALIYA GAON जंगलिया गांव
5,51,392,23678,JANTWAL GAON जंतवाल गांव
5,51,392,23679,JYOLIKOT ज्योलिकोट
5,51,392,23681,KHAMARI खमारि
5,51,392,23682,KHEROLA PANDEY खेरोला पांडे
5,51,392,23683,KHURPA TAL खुरपा ताल
5,51,392,23684,LWESHAL LWESHAL
5,51,392,23685,MALUWA TAL मालुवा ताल
5,51,392,23686,MANGOLI मंगोली
5,51,392,23687,MEHRA GAON मेहरागांव
5,51,392,23688,NAGARI GAON नगरी गांव
5,51,392,23689,NAI SELA नई सेला
5,51,392,23690,NALNI नालनी
5,51,392,23692,OKHALDUNGA ओखलडूंगा
5,51,392,23693,PANDEY GAON पांडे गांव
5,51,392,23694,PANIYA MEHTA पनिया मेहता
5,51,392,23695,PANIYABOR पनियाबोर
5,51,392,23696,PASOLI पसौली
5,51,392,23697,PASTOLA पास्टोला
5,51,392,23698,PINRAUN पिनरौन
5,51,392,23699,RANIBAG रानीबाग
5,51,392,23700,RAUSIL रौसिल
5,51,392,23701,ROKHAR रोखर
5,51,392,23702,SALARI सलारी
5,51,392,23706,SURYA GAON सूर्या गांव
5,51,392,23707,SYUDA Ayuda
5,51,392,23708,THAPALA थापला
5,51,392,23710,UDWA उडवा
5,51,393,23711,ADHERIYA अधेरिया
5,51,393,23712,AKSHORA अक्षोरा
5,51,393,23713,AMDAU AMDAU
5,51,393,23714,ANARPA अनर्पा
5,51,393,23715,BABIYAD बबियाद
5,51,393,23716,BURANSHI बुराँशी
5,51,393,23717,BURI BANA बुरी बाना
5,51,393,23718,CHAUKHUTA चौखुटा
5,51,393,23719,DEVNAGAR देवनगर
5,51,393,23720,DHANCHULI धनचूली
5,51,393,23721,DINI MALLI दीनी मल्ली
5,51,393,23722,DINI TALLI दीनी टाली
5,51,393,23723,DUDHALI दुधली
5,51,393,23724,GAJAR गाजर
5,51,393,23725,GUNIGAON गुणीगांव
5,51,393,23726,GUNIYA LEKH गुनिया लेख
5,51,393,23727,HARINAGR AKASAURA हरिनगर अकासौरा
5,51,393,23728,JALNA NEEL PAHARI जालना नील पहाड़ी
5,51,393,23729,KAUL कौल
5,51,393,23730,KOKILBANA कोकिलबाना
5,51,393,23731,LADFORA लाडफोरा
5,51,393,23732,MAHTOLIYA GAON महटोलिया गांव
5,51,393,23733,MAJHERA मझेरा
5,51,393,23734,MAJULI माजुली
5,51,393,23735,MANA GHER मन घेर
5,51,393,23736,PANYALI पन्याली
5,51,393,23737,PARWADA परवाड़ा
5,51,393,23738,SAKDEENA सकदीना
5,51,393,23739,SALIYA KOT TALLA सलिया कोट तल्ला
5,51,393,23740,SARNA सरना
5,51,393,23741,SASBANI सासबनी
5,51,393,23742,SELA LEKH सेला लेख
5,51,393,23743,SUNDARKHAL सुंदरखाल
5,51,393,23744,SUNKIYA सुनकिया
5,51,394,23745,ANANDPUR आनंदपुर
5,51,394,23746,BACCHI NAGAR NO.-1 बच्ची नगर नंबर-1
5,51,394,23748,BAMETHA BANGAR KHEEMA बमेठा बांगर खीमा
5,51,394,23752,BASANI बासनी
5,51,394,23753,BASANTPUR बसंतपुर
5,51,394,23757,CHADANI CHAUK GHURDAURA चांदनी चौक घुड़दौड़ा
5,51,394,23759,CHORGALIYA AAMKHERA चोरगलिया आमखेरा
5,51,394,23760,CHOUNSALA चौंसला
5,51,394,23763,DEWAL CHAUR BANDOBASTI देवल चौर बंदोबस्ती
5,51,394,23764,DEWAL CHAUR KHAM देवल चौर खाम
5,51,394,23765,DEWALA MALLA देवाला मल्ला
5,51,394,23766,DEWALA TALLA देवाला तल्ला
5,51,394,23768,DHAULA KHERA धौला खेड़ा
5,51,394,23769,DUMKABANGAR BACHHI DHARMA डुमकाबंगर बच्ची धर्म
5,51,394,23770,DURGAPAL PUR PURAM दुर्गापाल पुर पुरम
5,51,394,23771,FATTA BANGAR फत्ता बांगड़
5,51,394,23772,GANGAPUR KABDWAL गंगापुर कबडवाल
5,51,394,23774,GUJRAUDA गुजरौदा
5,51,394,23775,HALDU CHAUR DINA हल्दु चौर दीना
5,51,394,23776,HALDU CHAUR JAGGI हल्दु चौर जग्गी
5,51,394,23777,HALDUPOKHARA NAYAK हल्दुपोखरा नायक
5,51,394,23780,HARIPUR PURNAND हरिपुर पूर्णंद
5,51,394,23781,HATHIKHAL हाथीखाल
5,51,394,23782,HIMATPUR BAIJNATH हिम्मतपुर बैजनाथ
5,51,394,23784,JAGATPUR जगतपुर
5,51,394,23785,JAGGI BANGAR जग्गी बांगर
5,51,394,23786,JAIPUR KHEEMA जयपुर खीमा
5,51,394,23787,JAIPUR PADALI जयपुर पाडली
5,51,394,23788,JAIPUR VEESA जयपुर वीसा
5,51,394,23789,KHANWAL KATAN खनवाल कटान
5,51,394,23790,KHARAKPUR खड़कपुर
5,51,394,23791,KHERA खेड़ा
5,51,394,23792,BEDAPOKHARA बेड़ापोखरा
5,51,394,23793,KISHANPUR RAIKWAL किशनपुर रैक्वाल
5,51,394,23794,SAKULIYA साकुलिया
5,51,394,23795,KUNWARPUR कुँवरपुर
5,51,394,23796,KURIYAGAON कुरियागांव
5,51,394,23798,LACHAMPUR लछमपुर
5,51,394,23799,LAKHANMANDI लाखनमंडी
5,51,394,23800,LAMACHAUR KHAS लामाचौर खास
5,51,394,23805,NAWAR KHERA नावर खेड़ा
5,51,394,23806,NAYAGAON KATAN नयागांव कटान
5,51,394,23807,PANIYALI पनियाली
5,51,394,23808,PIPAL POKHARA पीपल पोखरा
5,51,394,23809,PREMPUR LOSHYANI प्रेमपुर लोश्याणी
5,51,394,23810,RAMARI AANSINGH रामारि आनसिंह
5,51,394,23811,RAMPUR LAMCHAUR रामपुर लमचौर
5,51,394,23812,SITAPUR सीतापुर
5,51,394,23813,SUNDARPUR RAIKWAL सुंदरपुर रायक्वल
5,51,395,23814,AMGADHI अमगाधी
5,51,395,23815,AMOTHA अमोथा
5,51,395,23816,AWALA KOT आवला कोट
5,51,395,23817,BAGAD MALLA बगड़ मल्ल
5,51,395,23818,BAGHNI बघनी
5,51,395,23819,BAJUNIYA HALDU बजूनिया हल्दू
5,51,395,23820,BASI बसी
5,51,395,23821,BHIMPURI भीमपुरी
5,51,395,23822,CHADA चाडा
5,51,395,23823,DAUN PAREVA दून परेवा
5,51,395,23824,DEVALCHOUR देवलचौर
5,51,395,23826,DHAMOLA धमोला
5,51,395,23827,DHAPALA धपाला
5,51,395,23828,GAURIYA DEV गौरिया देव
5,51,395,23829,GHUGHU SIGARI घुघु सिगरी
5,51,395,23830,GINATIGAON गिनातिगांव
5,51,395,23831,JALNA जलना
5,51,395,23832,KALADUNGI BANDOBASTI कालाडुंगी बंदोबस्ती
5,51,395,23833,KAMOLA कमोला
5,51,395,23834,KUNKHET कुनखेत
5,51,395,23835,MEHRAUDA महरौदा
5,51,395,23836,NATHUNAGAR नाथूनगर
5,51,395,23837,NAUDA नवादा
5,51,395,23838,NAYA PANDEY GAON नया पांडे गांव
5,51,395,23839,OKHAL DHUNGA ओखल ढूंगा
5,51,395,23840,PANDEY GAON पांडे गांव
5,51,395,23841,PATLIYA पतलिया
5,51,395,23842,PURANPUR पूरनपुर
5,51,395,23843,RAMPUR रामपुर
5,51,395,23845,RATANPUR रतनपुर
5,51,395,23846,RIYAR रियार
5,51,395,23847,SAUD सउद
5,51,395,23848,NATHUJALA नाथूजाला
5,51,395,23849,SYAT स्यात
5,51,395,23850,TALIYA तालिया
5,51,395,23851,VIDRAMPUR विदरामपुर
5,51,396,23852,AGHORA अघोरा
5,51,396,23853,AMAJHAD अमझाड
5,51,396,23854,BADOUN बदायूँ
5,51,396,23855,BALANA बलाना
5,51,396,23856,BARAMDHAR बरमधार
5,51,396,23857,BHADRAKOT भद्रकोट
5,51,396,23858,BHANPOKHARA भानपोखरा
5,51,396,23859,BHONRA भौंरा
5,51,396,23860,BHUMKA भुमका
5,51,396,23861,CHAMOLI चमोली
5,51,393,23862,CHURIGAD चूड़ीगढ़
5,51,396,23863,DALKANYA दलकन्या
5,51,396,23864,DALOJ DALOJ
5,51,396,23865,DEWALI देवाली
5,51,396,23866,DHENA ढेना
5,51,396,23867,DHOLIGAON ढोलीगांव
5,51,396,23868,DIGOLI डिगोली
5,51,396,23869,DUNGARI डूंगरी
5,51,396,23870,GALANI गैलानी
5,51,396,23871,GARGARI MALLI गारगारी मल्ली
5,51,396,23872,GARGARI TALLI गारगारी तल्ली
5,51,396,23873,GUNIYARO गुनियारो
5,51,396,23874,HAIRA KHAN हेयरा खान
5,51,396,23875,HARINAGAR हरिनगर
5,51,396,23876,HARISH TAL हरीश ताल
5,51,396,23877,JAISUDA जयसुदा
5,51,396,23878,JAMRADI जमराडी
5,51,396,23879,JHARGAON MALLA झरगांव मल्ला
5,51,396,23880,KAIDA GAON कायदागांव
5,51,396,23881,KAKAUD ककौद
5,51,396,23882,KALAAGAR कालाआगर
5,51,396,23883,KANCHLA KOT कांचला कोट
5,51,396,23884,TALLA KANDA तल्ला कांड
5,51,396,23885,KATNA कटना
5,51,396,23886,KAUNTA कौन्टा
5,51,396,23887,KHANSU खांसू
5,51,396,23888,KUKNA कुकना
5,51,396,23889,KULOAN कुलोअन
5,51,393,23890,KULOURI कुलौरी
5,51,396,23891,KUNDAL कुंडल
5,51,396,23892,LAWAD DOVA लावाड डोवा
5,51,396,23893,MAHTOLI महटोली
5,51,396,23894,MATELA मटेला
5,51,396,23895,NAIE एन.आई.ई.ई
5,51,396,23896,OKHALKANDA MALLA ओखलकांडा मल्ला
5,51,396,23897,OKHALKANDA TALLA ओखलकांडा तल्ला
5,51,396,23898,PADAMPUR पदमपुर
5,51,396,23899,PAIJANA पैजना
5,51,396,23900,PAITNA पैतना
5,51,396,23901,PANTOLI पैनटोली
5,51,396,23902,PASHYAN पश्यन
5,51,396,23903,PATALIYA पतलिया
5,51,396,23904,PATRANI पटरानी
5,51,393,23905,POKHARI पोखरी
5,51,396,23906,POKHARI MALLI पोखरी मल्ली
5,51,393,23907,PUTGAON पुटगांव
5,51,396,23908,PUTPURI पुटपुरी
5,51,396,23909,QUARALA क्वाराला
5,51,396,23910,REKUNA रेकुना
5,51,396,23911,RIKHAKOT रीखाकोट
5,51,396,23912,SAL साल
5,51,396,23913,SIMAL KANYA सिमल कन्या
5,51,396,23914,SUI सुई
5,51,396,23915,SUNI सूरज
5,51,396,23916,SUNKOT सनकोट
5,51,396,23917,SURANG सुरंग
5,51,396,23918,SUWAKOT POKHARI सुवाकोट पोखरी
5,51,396,23919,TAKURA टकूरा
5,51,396,23920,TANDA टांडा
5,51,396,23921,THALADI थलाडी
5,51,396,23922,THALI थाली
5,51,396,23923,TIMMAR टिमर
5,51,396,23924,TUSRAD तुसराड
5,51,397,23925,BARET बैरेट
5,51,397,23926,BARI BANJ बारी बांज
5,51,397,23927,BASGAON बासगांव
5,51,397,23928,BHIYAL GAON भियालगांव
5,51,397,23929,BOHRA KOT बोहरा कोट
5,51,397,23930,CHAPAD चापड़
5,51,392,23931,CHAPHI चपही
5,51,397,23932,CHATOLA चटोला
5,51,397,23933,CHIMI MATELA चिमी मटेला
5,51,397,23934,CHIURI चिउरी
5,51,397,23935,CHOPRA चोपड़ा
5,51,397,23936,DANKANYA डंकन्या
5,51,397,23937,DARIMA दरिमा
5,51,397,23938,DEEYARI दियारी
5,51,397,23939,DHAWETI धवेती
5,51,397,23940,GAHANA गाहाना
5,51,397,23941,GALLA गाल्ला
5,51,397,23942,GANGARKOT गंगरकोट
5,51,397,23943,GARADI LATWAL गराडी लटवाल
5,51,397,23944,GARGAON गरगांव
5,51,397,23945,GHORAKHAL घोड़ाखाल
5,51,397,23946,HARINAGAR हरिनगर
5,51,397,23947,HARTOLA हर्टोला
5,51,397,23948,JAURASI जौरासी
5,51,397,23949,JHUTIYA झुतिया
5,51,397,23950,KAFUDA कफुदा
5,51,397,23951,KAMOLI कमोली
5,51,397,23952,KHERDA खेरदा
5,51,397,23953,KILLOR किल्लोर
5,51,397,23954,KOOL कूल
5,51,397,23955,KWARAB क्वारब
5,51,397,23956,LODH लोध
5,51,397,23957,LOSGHAYANI लोसघयानी
5,51,397,23958,LVESHWAL ल्वेशवाल
5,51,397,23959,MALLI SINAULI मल्ली सिनौली
5,51,397,23960,MANARSA मनारसा
5,51,397,23961,MAUNA मौना
5,51,397,23962,MUKTESHWAR मुक्तेश्वर
5,51,397,23963,NAIKANA नैकाणा
5,51,397,23964,NATHUWAKHAN नथुवाखान
5,51,397,23965,PITHOLI पिथौली
5,51,397,23967,PYURA प्यूरा
5,51,397,23968,SATBUNGA सतबुंगा
5,51,397,23969,SATKHOL सतखोल
5,51,397,23971,SIMAYAL RAIKWAL सिमायल रायक्वल
5,51,397,23972,SIMRAD SIMRAD
5,51,397,23973,SIRSA सिरसा
5,51,397,23974,SUND सुन्द
5,51,397,23975,SUPI सुपी
5,51,397,23976,SURAYALGAON सुरैयालगांव
5,51,397,23977,SUYALBARI सुयालबाड़ी
5,51,397,23978,SUYALGARH सुयालगढ़
5,51,397,23979,TIKURI टिकुरी
5,51,397,23980,UMA GARH उमा गढ़
5,51,398,23984,BASAI बसई
5,51,398,23985,BERA JHAL बेरा झाल
5,51,398,23986,BHALON भलोन
5,51,398,23987,BHAWANIPUR BARI भवानीपुर बारी
5,51,398,23988,BHAWANIPUR KHULBE भवानीपुर खुल्बे
5,51,398,23989,CHANDRA NAGAR चंद्रनगर
5,51,398,23990,CHILKIYA चिलकिया
5,51,398,23992,CHUKAM चुकम
5,51,398,23994,DHARAMPUR AOULIA धर्मपुर औलिया
5,51,398,23995,DHELA ढेला
5,51,398,23996,DHIKULI ढिकुली
5,51,398,23998,GANDHI NAGAR गांधीनगर
5,51,398,23999,GAUJANI गौजानी
5,51,398,24000,GAUTAM NAGAR गौतम नगर
5,51,398,24001,GOPAL NAGAR गोपाल नगर
5,51,398,24002,HIMMATPUR BLOCK हिम्मतपुर ब्लॉक
5,51,398,24003,HIMMATPUR DOTIYAL हिम्मतपुर डोटियाल
5,51,398,24004,JASSA GANJA जस्सा गंजा
5,51,398,24005,PUCHHDI पुछदी
5,51,398,24006,KANDHALA कांधला
5,51,398,24007,KANIYA कनिया
5,51,398,24008,KARANPUR करणपुर
5,51,398,24010,KYARI क्यारी
5,51,398,24011,LACHAMPUR THEIR लछमपुर उनका
5,51,398,24013,MALDHAN CHAUR मालधन चौर
5,51,398,24014,MANGLAR मंगलार
5,51,398,24016,NARAYANPUR MULIYA नारायणपुर मुलिया
5,51,398,24017,NATHUPUR CHOI नाथूपुर चोई
5,51,398,24018,PATKOT पाटकोट
5,51,398,24021,PIPALSANA पीपलसाना
5,51,398,24022,PIRUMDARA पीरुमदारा
5,51,398,24024,SAKHANPUR सखानपुर
5,51,398,24025,SAVLDEY SAVLDEY
5,51,398,24027,TADA MALLU टाडा मल्लू
5,51,398,24028,TEDA टेडा
5,51,398,24029,TELIPURA तेलीपुरा
5,51,398,24030,THARI थारी
5,51,398,24031,UDAIPUR CHOPARA उदयपुर चोपड़ा
5,51,398,24032,UDAIPURI BANDOBASTI उदयपुरी बंदोबस्ती
5,52,399,24034,ARAKANDAIE अरकंडाई
5,52,399,24035,AROLE कोई भूमिका
5,52,399,24036,BADADANDA बड़ाडांडा
5,52,399,24037,BAKHAND बखंड
5,52,399,24038,BAMRADE बमराडे
5,52,399,24039,BANDARKOT बंदरकोट
5,52,399,24040,BANGAR बांगड़
5,52,399,24041,BAPTA बप्ता
5,52,399,24042,BAYEDA बयेड़ा
5,52,399,24043,BAVASA MALLA बावसा मल्ला
5,52,399,24044,BHARPOOR BADA भरपुर बड़ा
5,52,399,24045,BHARPOOR CHOTA भरपुर छोटा
5,52,399,24046,BHAURAD भौराड़
5,52,399,24047,BURHAKOT बुरहाकोट
5,52,399,24048,BYUNGDHAR ब्युंगधार
5,52,399,24049,CHANDOLE चंदोले
5,52,399,24050,CHAUPTA चौपटा
5,52,399,24051,CHORKHIDA चोरखिड़ा
5,52,399,24052,DANG डांग
5,52,399,24053,DARIYA BAIJARO दरिया बैजरो
5,52,399,24054,DEVKANDAI देवकांडई
5,52,411,24055,DHAUND धौंड
5,52,399,24056,DHAUR धौर
5,52,399,24057,DHOBIGHAT धोबीघाट
5,52,399,24058,DISHWANI डिशवानी
5,52,399,24059,DULMOT डुल्मोट
5,52,399,24060,DUMELA MALLA डुमेला मल्ला
5,52,399,24061,DUMELA TALLA डुमेला तल्ला
5,52,399,24062,DUMLOT डमलॉट
5,52,399,24063,FARSARE फरसारे
5,52,399,24064,GARHKOT गढ़कोट
5,52,399,24065,GEHULAD गेहुलाद
5,52,399,24066,GHANSALE घनसाले
5,52,399,24067,GHODIYANA घोड़ियाणा
5,52,399,24068,GHODPALA घोड़पाला
5,52,399,24069,GODINDA गोडिंडा
5,52,399,24070,GWEEN MALLA ग्वेन मल्ला
5,52,399,24071,JAKHANE जखने
5,52,411,24072,JASPUR जसपुर
5,52,399,24073,JIVAIE जिवाई
5,52,399,24074,KADOLA कडोला
5,52,399,24075,KAILAD कैलाड
5,52,399,24076,KAKRODA ककरौदा
5,52,399,24077,KAMDAIE कामदाई
5,52,399,24078,KAMLIYA कामलिया
5,52,399,24079,KANDA MALLA कांडा मल्ला
5,52,399,24080,KANDA TALLA कांडा तल्ला
5,52,399,24081,KANDULE BADE कंडुले बड़े
5,52,399,24082,KANERA कनेरा
5,52,399,24083,KASANE कसाने
5,52,411,24084,KATHRO कथरो
5,52,399,24085,KHAITOLE खैटोले
5,52,399,24086,KHALDHAR खलधार
5,52,399,24087,KHITOTIYA खितौटिया
5,52,399,24088,KOLARE कोलारे
5,52,411,24089,KOLINDA कोलिंडा
5,52,399,24090,KOTA कोटा
5,52,399,24091,KOTHILA कोठिला
5,52,399,24092,KUNGOLE कुंगोले
5,52,399,24093,LACHE लाख
5,52,399,24094,LAINGAL लैंगल
5,52,399,24095,LODALE लोडेल
5,52,399,24096,MAASEE मासी
5,52,399,24097,MAHADEVSAIN महादेवसैण
5,52,399,24098,MAITHANA मैठाणा
5,52,399,24099,MANGROU मंगरौ
5,52,399,24100,MANSO मनसो
5,52,399,24101,MATELA मटेला
5,52,399,24102,MELDHAR मेलधार
5,52,399,24103,NAGNEE NAGNEE
5,52,399,24104,NAKUREE नाकुरी
5,52,399,24105,NANSYU नानसु
5,52,399,24106,NAU नौ दो ग्यारह
5,52,399,24107,NAUGAOU नौगांव
5,52,399,24108,PANAS MALLA पनास मल्ल
5,52,399,24109,PANCHRAD पंचराड
5,52,399,24110,RAGDE GAAD रगड़े गाड़
5,52,399,24111,RANDHERA रंधेरा
5,52,399,24112,SAIDHAR सैधर
5,52,399,24113,SEELA MALLI सीला मल्ली
5,52,399,24114,SEELA TALA सीला ताला
5,52,399,24115,SEELI TALLI सीली तल्ली
5,52,399,24116,SELOLE सेलोले
5,52,399,24117,SERA TALLA सेरा तल्ला
5,52,399,24118,SIMARHE SIMARHE
5,52,399,24119,SINDURE BADDI सिंदुर बद्दी
5,52,399,24120,SISAIE सिसई
5,52,399,24121,SUGARIYA BADA सुगरिया बड़ा
5,52,399,24122,SUKAIE सुकई
5,52,399,24123,SUNDARKHAL सुंदरखाल
5,52,399,24124,SYUSEE स्यूसी
5,52,399,24125,TAILE PAKHOLE टेल पखोले
5,52,399,24126,TALLAIE टालाई
5,52,399,24127,THAKULSARE ठाकुरसारे
5,52,399,24128,THANGA थांगा
5,52,411,24129,THAPLA थापला
5,52,399,24130,THAPLAWALLA थापलावाला
5,52,399,24131,TIMAL KHOLE टिमल खोले
5,52,399,24132,VIRANGANA वीरांगना
5,52,400,24133,AMSAUD AMSAUD
5,52,400,24134,BAADKOT बाडकोट
5,52,400,24135,BAGI BADI बागी बड़ी
5,52,400,24136,BAGI CHHOTI बागी छोटी
5,52,400,24139,BALLI बल्ली
5,52,400,24141,BHADALI KHAL भदाली खाल
5,52,400,24142,BHAIR GAON भैरगांव
5,52,400,24143,BHELDA BARA भेल्दा बारा
5,52,400,24145,BIJNOOR बिजनौर
5,52,400,24146,BOR GAON बोर गाँव
5,52,400,24147,CHAR चार
5,52,400,24148,CHAREKH चरेख
5,52,400,24149,CHAUNDLI चौण्डली
5,52,400,24150,CHUNA MAHEDA चूना महेदा
5,52,400,24151,DARTHA डार्था
5,52,400,24152,DEVAL KHAL देवलखाल
5,52,400,24153,DHURA BHARPUR धुरा भारपुर
5,52,400,24154,DHURA DHANAI धूरा धनाई
5,52,400,24155,DHURATAL धूरातल
5,52,400,24156,DIULA दिउला
5,52,400,24158,FARSULA फरसुला
5,52,400,24159,FATEH PUR फ़तेहपुर
5,52,400,24161,GHOTA TALLA घोटा तल्ला
5,52,400,24162,GOLA MALLA गोला मल्ला
5,52,400,24164,GVIRALA ग्विरला
5,52,400,24166,HARSU हरसू
5,52,400,24167,JAI GAON जय गाँव
5,52,400,24168,JAMAR GADDI TALLI जमर गद्दी तल्ली
5,52,400,24174,JHATRI झतरी
5,52,400,24175,JORASI TALLI जोरासी टल्ली
5,52,400,24176,JUDDA RODIYAL जुड्डा रोडियाल
5,52,400,24177,JUGAR SAIN जुगर सैन
5,52,400,24178,JUVA जुवा
5,52,400,24179,KANDAI कांडई
5,52,400,24181,KATAL काताल
5,52,400,24182,KATHUR BARA कथूर बारा
5,52,400,24183,KATHUR CHHOTA कथूर छोटा
5,52,400,24184,KESTA केस्टा
5,52,400,24185,KHOLKANDI खोलकांडी
5,52,400,24186,KOLIGAON कोलिगांव
5,52,400,24192,LAKHWAR लखवाड़
5,52,400,24195,MANJYARI मंज्यारी
5,52,400,24196,MANKOT मनकोट
5,52,400,24197,MATHANA मथाना
5,52,400,24199,MOHNI RAWAT मोहनी रावत
5,52,400,24200,MOHRA मोहरा
5,52,400,24201,MURANU मुरानू
5,52,400,24202,NALI BADI नाली बड़ी
5,52,400,24204,NAUGAON TALLA नौगांव तल्ला
5,52,400,24208,PATHUR AKARA पाथुर अकारा
5,52,400,24209,PULINDA पुलिंडा
5,52,400,24210,PURAN KOT पूरन कोट
5,52,400,24211,RAMNI रामनी
5,52,400,24213,SAKLAYANI सकलायनी
5,52,400,24214,SALANI सैलानी
5,52,400,24215,SARADA HANUMANTI सारदा हनुमंती
5,52,400,24216,SARDA SAKALI सारदा सकली
5,52,400,24217,SAUD सउद
5,52,400,24221,SILA सिला
5,52,400,24222,SIMAL CHAUR सिमल चौर
5,52,400,24223,SIMALNA MALLA सिमलना मल्ला
5,52,400,24224,SIMLNA BICHLA सिमलना बिचला
5,52,400,24226,TACHHALI तछाली
5,52,400,24228,UMATH GAON उमठ गाँव
5,52,400,24229,UMRELA उमरेला
5,52,400,24230,UTIRCHHA उतिरछा
5,52,401,24231,AMALDU अमाल्डु
5,52,401,24232,AMOLA अमोला
5,52,401,24233,Manjokhi मंजोखी
5,52,401,24234,BAKHRORI GAON बखरोड़ी गांव
5,52,401,24235,BAMOLI बमोली
5,52,401,24236,BANALI बनाली
5,52,401,24237,BARETH बरेठ
5,52,401,24238,BARSURI बारसूरी
5,52,401,24239,BHAIRGAON भैरगांव
5,52,401,24240,BHALGAON भालगांव
5,52,401,24241,BHANYASU भाण्यासू
5,52,401,24242,BIRMOLI बिरमोली
5,52,401,24243,BOUNTHA बौंठा
5,52,401,24244,BRETH ब्रेथ
5,52,401,24245,CHAMOLI GAON चमोलीगांव
5,52,401,24246,GAHLI गहली
5,52,401,24247,CHANDPUR चांदपुर
5,52,401,24248,CHHAM छम
5,52,401,24249,CHWARA चवारा
5,52,401,24250,DABAD दबद
5,52,401,24251,DABOLI दबौली
5,52,401,24252,DAL दाल
5,52,401,24253,DASHMERI दशमेरी
5,52,401,24254,DAWAR दावर
5,52,401,24255,DEKHET DEKHET
5,52,401,24256,DHARI धरी
5,52,401,24257,DHONRI धोंरी
5,52,401,24258,DIYUSA DIYUSA
5,52,401,24259,DOVAR डोवर
5,52,401,24260,DOVRI दोवरी
5,52,401,24261,GAHAD गहड़
5,52,401,24262,GARHKOT गढ़कोट
5,52,401,24263,GHANDALU घंडालू
5,52,401,24264,GOOM गूम
5,52,401,24265,GWEEL GWEEL
5,52,401,24266,GWEEN BADA ग्वेन बड़ा
5,52,401,24267,HATHNUR हथनूर
5,52,401,24268,HATNOOD हटनूड
5,52,401,24269,HILOGI हिलोगी
5,52,401,24270,JALLI जल्ली
5,52,401,24271,JAMELI जामेली
5,52,401,24272,JASPUR जसपुर
5,52,401,24273,JAWAD जवाद
5,52,401,24274,JUYAL GAON जुयाल गाँव
5,52,401,24275,KAINDUL TALLA कैंदुल तल्ला
5,52,401,24276,KALORDI कलोर्डी
5,52,401,24277,KANDA कांड
5,52,401,24278,KANDI कंडी
5,52,401,24279,KARHETI करहेती
5,52,401,24280,KARTHI Karthi
5,52,401,24281,KATHUD BADA कठूड़ बड़ा
5,52,401,24282,KHAMANA खमाणा
5,52,401,24283,KHANJARI खंजरी
5,52,401,24284,KHARIK खरीक
5,52,401,24285,KHEDA खेड़ा
5,52,401,24286,KHENDURI खेंदुरी
5,52,401,24287,KINSUR किंसूर
5,52,401,24288,KOTALMANDA कोटालमांडा
5,52,401,24289,KOTHAR कोठार
5,52,401,24290,KULHAD कुल्हड़
5,52,401,24291,KUTNI कुटनी
5,52,401,24292,LANGURI लंगुरी
5,52,401,24293,LOSHAN लोशान
5,52,401,24294,MAHAR GAON महर गाँव
5,52,401,24295,MALETHA मलेथा
5,52,401,24296,MUST अवश्य
5,52,401,24298,NAIRUL नैरूल
5,52,401,24299,ODAL BADA ओडल बड़ा
5,52,401,24300,ODIYARI ओडियारी
5,52,401,24301,PADSOLI पड़सोली
5,52,401,24302,PALI पाली
5,52,401,24303,PATULI पतुली
5,52,401,24304,PAWEKH पावेख
5,52,401,24305,PUTYASU पुत्यासु
5,52,401,24306,NAIL नाखून
5,52,401,24307,RAJKHIL राजखिल
5,52,401,24308,RINGWARGAON रिंगवारगांव
5,52,401,24309,SAINJ MALLA सैंज मल्ला
5,52,401,24312,SAUNDAL सौंडल
5,52,401,24313,SEELA DANDA सीला डंडा
5,52,401,24314,SHEELA BANGHAT शीला बांघाट
5,52,401,24315,SIMALYA सिमलिया
5,52,401,24316,SIMLIYA सिमलिया
5,52,401,24317,SINRAI सिन्राय
5,52,401,24318,SURADI सुरदी
5,52,401,24319,SYALNA स्यालना
5,52,401,24320,THANGAR थांगर
5,52,401,24321,THATHOLI ठठौली
5,52,401,24322,TIMLI तिमली
5,52,401,24323,TOLI टोली
5,52,401,24324,UTINDA यूटिंडा
5,52,401,24325,BHAL GAON 2 भाल गाँव 2
5,52,401,24326,WALLI वाली
5,52,401,24327,WANDILA वांडिला
5,52,402,24328,ANSARI THAPLA अंसारी थापला
5,52,402,24329,BACHELE बाचेल
5,52,402,24330,BADOLI बड़ौली
5,52,402,24331,BAGYALI बग्याली
5,52,402,24332,BALULI बलौली
5,52,402,24333,BAMOLI बमोली
5,52,402,24334,BANTHOLI बनथौली
5,52,402,24335,BARETH बरेठ
5,52,402,24336,BASUR बासूर
5,52,402,24337,BHADMOLI भदमौली
5,52,402,24338,BHAIRGAON भैरगांव
5,52,402,24339,BHANDALI भंडाली
5,52,402,24340,BHARPOOR भरपुर
5,52,402,24341,MATHCHORI मथचोरी
5,52,402,24342,BINJOLI बिंजौली
5,52,402,24343,BUNSAL MALLA बंसल मल्ल
5,52,402,24344,CHAIDHAR चैधर
5,52,402,24346,CHAM BADA चाम बड़ा
5,52,402,24347,CHOUMASU DHAR चौमासू धार
5,52,402,24348,DANDA MALLA डंडा मल्ला
5,52,402,24349,DHARASU धरासू
5,52,402,24350,DIYULD DIYULD
5,52,402,24351,DOVAL डोभाल
5,52,402,24352,ERA युग
5,52,402,24353,ERA MALLA युग मल्ल
5,52,402,24354,ESHOTI ESHOTI
5,52,402,24355,GAJARSAIN गजरसैंण
5,52,402,24356,GAJERA गजेरा
5,52,402,24357,GINWALI गिनवाली
5,52,402,24358,GORLI गोर्ली
5,52,402,24359,GURAD MALLA गुड़ाड़ मल्ला
5,52,402,24360,GURAD TALLA गुराड़ तल्ला
5,52,402,24361,GWAR MALLA ग्वार मल्ला
5,52,402,24362,GWAR TALLA ग्वार तल्ला
5,52,402,24363,HALAI हलाई
5,52,402,24364,HALUNI हलुनी
5,52,402,24365,JAITOLI MALLI जैतौली मल्ली
5,52,402,24366,JANTOLI TALLI जंतोली टल्ली
5,52,402,24367,KAGHTHUN कगथून
5,52,402,24368,KANDAI कांडई
5,52,402,24369,KATHULI कठौली
5,52,402,24370,KHULEO खुलियो
5,52,402,24371,KOTA कोटा
5,52,402,24372,KULASU कुलासु
5,52,402,24373,KURKHYAL कुरख्याल
5,52,402,24374,LATIBUO लतीबुओ
5,52,402,24375,MALAI मलाई
5,52,402,24376,MALETHA मलेथा
5,52,402,24377,MALETHI मलेठी
5,52,402,24378,MANKOT मनकोट
5,52,402,24379,MARDA मरडा
5,52,402,24380,MASOON MUSEYAT मसून मुसियत
5,52,402,24381,MASOON मसून
5,52,402,24382,MATHANA मथाना
5,52,402,24383,MOLTHI मोल्थी
5,52,402,24384,MONDARI मोण्डारी
5,52,402,24386,MUSASU मुसासू
5,52,402,24387,NAUGAON नौगांव
5,52,402,24388,NAV एनएवी
5,52,402,24389,PABOLI पबोली
5,52,402,24390,PALKOT पालकोट
5,52,402,24391,PANCHUR पंचूर
5,52,402,24392,PANTHAR तेंदुआ
5,52,402,24394,PAKHRI पाखरी
5,52,402,24395,PUSOLI पुसौली
5,52,402,24396,RAISOLI MALLI रायसोली मल्ली
5,52,402,24397,RANSWA राणस्वा
5,52,402,24398,REDU REDU
5,52,402,24399,RINGWARI रिंगवारी
5,52,402,24400,SANGODA सांगोदा
5,52,402,24401,SANGALAKOTHE संगलाकोठे
5,52,402,24402,SASOON सासून
5,52,402,24403,SATPALI सतपाली
5,52,402,24404,SHALKOT शालकोट
5,52,402,24405,SIMAR SIMAR
5,52,402,24406,SYOLI स्योली
5,52,402,24407,TACHHWAR तछवार
5,52,402,24408,THAPLA MALLA थापला मल्ला
5,52,402,24409,UCHAKOT उचाकोट
5,52,403,24410,AGRORA अग्रोरा
5,52,403,24411,ANETH एनेथ
5,52,403,24412,ASGARH असगढ़
5,52,403,24413,ASUI एएसयूआई
5,52,403,24414,BANIYAGAON बनियागांव
5,52,403,24415,BARKOT बरकोट
5,52,403,24416,BED PANI बिस्तर पानी
5,52,403,24417,BEDGAON बेदगांव
5,52,403,24418,BEDKHOLU बेडखोलू
5,52,403,24419,BETHUL GAON बेथुल गांव
5,52,403,24420,BHATI GAON भाटीगांव
5,52,403,24421,BHATKOTI भटकोटी
5,52,403,24422,BHETI भेटी
5,52,403,24423,BILKHET बिलखेत
5,52,403,24424,BUNGA KAFOL बुंगा कफोल
5,52,403,24425,BISHT DHWILI बिष्ठ ध्विली
5,52,403,24426,BOONGA बूंगा
5,52,403,24427,BORIKH बोरिख
5,52,403,24428,BOTALI बोटाली
5,52,403,24429,CHAMMI छम्मी
5,52,403,24430,CHANDALOO चंदालू
5,52,403,24431,DANGI डांगी
5,52,403,24432,DHAUDA धौड़ा
5,52,403,24433,DANGOO` डेंगू`
5,52,403,24434,DEWAL देवल
5,52,403,24435,DHAREE धारी
5,52,403,24436,DHARKOT धारकोट
5,52,403,24437,DIOUSA DIOUSA
5,52,403,24438,DIYUSI DIYUSI
5,52,403,24440,DUNK डुबाना
5,52,403,24441,DWAI DWAI
5,52,403,24442,FALDA फलदा
5,52,403,24443,GADKOT गड़कोट
5,52,403,24444,GHANDIYAL घंडियाल
5,52,403,24445,GIDRASU गिद्रसु
5,52,403,24446,GORAN गोरान
5,52,403,24447,GUTHINDA गुठिंडा
5,52,403,24448,JHATKANDI झटकंडी
5,52,403,24449,KANDA कांड
5,52,403,24450,KANDARA कंडारा
5,52,403,24451,KATHUD कठूड़
5,52,403,24452,KHANDA MALLA खंडा मल्ला
5,52,403,24453,KHARKA खरका
5,52,403,24454,KHUGASA खुगासा
5,52,403,24455,KIMOLI किमोली
5,52,403,24456,KOLRI कोलरी
5,52,403,24457,KUDI GAON कुड़ीगांव
5,52,403,24458,KUND कुंड
5,52,403,24459,LAHERA लहेरा
5,52,403,24460,MAHAR महार
5,52,403,24461,MALAOU मलाउ
5,52,403,24462,PALLI MALLI पल्ली मल्ली
5,52,403,24463,MARODA मरोदा
5,52,403,24464,MARORA मरोरा
5,52,403,24465,MIRCHODA मिरचोडा
5,52,403,24466,NAGAR नगर
5,52,403,24467,NAITHANA नैथाना
5,52,403,24468,NALAI नलाई
5,52,403,24469,NAUDIYAL GAON नौडियाल गांव
5,52,403,24470,OLNAA ओएलएनएए
5,52,403,24471,PALLAI पल्लई
5,52,403,24472,PANCHALI पांचाली
5,52,403,24473,PEEPALE पीपले
5,52,403,24474,PUNDORI पंडोरी
5,52,403,24475,SAGUNDA सगुंदा
5,52,403,24476,SAKANI BADI सकानी बड़ी
5,52,403,24477,SAKNOLI साकनोली
5,52,403,24478,SANAR सनार
5,52,403,24479,SARASOO सरसू
5,52,403,24480,SEROON सीरून
5,52,403,24481,SILATH सिलथ
5,52,403,24482,SOOLA सूला
5,52,403,24483,SURAL GAON सुरालगांव
5,52,403,24484,SUTAR GAON सुतार गांव
5,52,403,24485,TANGROLI टेंग्रोली
5,52,403,24486,TAPLAE Taplae
5,52,403,24487,THAIR थायर
5,52,403,24488,THAPLA थापला
5,52,403,24489,THAPLI थापली
5,52,403,24490,TIMRI टिमरी
5,52,404,24491,BACHELI बचेली
5,52,404,24492,BALORI बलोरी
5,52,404,24493,BHATOLI भटौली
5,52,404,24494,BUDHESU बुधेसु
5,52,404,24495,CHADIGAON चड़ीगांव
5,52,404,24496,CHAMRADA चमराड़ा
5,52,404,24498,DAVELGARH दवेलगढ़
5,52,404,24499,DHARI GAON धारीगांव
5,52,404,24500,DHIKWAALGAON ढिकवालगांव
5,52,404,24501,DUNGRIPANTH डुंगरीपंथ
5,52,404,24502,GAHAR GAHAR
5,52,404,24503,GAJELI गजेली
5,52,404,24504,GWAD जीडब्ल्यूएडी
5,52,404,24505,JAKH जाख
5,52,404,24506,JALETHA जलेथा
5,52,404,24507,JOGDI जोगड़ी
5,52,404,24508,KAFOLI कफौली
5,52,404,24509,KALIYASAUD कलियासौद
5,52,404,24510,KANDOLIE कंडोली
5,52,404,24511,KATAKHOLIE कटखोली
5,52,404,24512,KATHOD कठौद
5,52,404,24513,KHALOO खलू
5,52,404,24514,KHOLA खोला
5,52,404,24515,KOLTHA कोल्था
5,52,404,24516,KOTGI कोटगी
5,52,404,24517,KOTI कोटि
5,52,404,24518,MANDOLI मनडोली
5,52,404,24519,MIDAN GAON मिदान गांव
5,52,404,24520,MUSOLIE मुसोली
5,52,404,24521,NAYAL GARH नयालगढ़
5,52,404,24522,POKHRI पोखरी
5,52,404,24523,POKHRI C पोखरी सी
5,52,404,24524,RAMPUR रामपुर
5,52,404,24526,SINGORI सिंगोरी
5,52,404,24528,SRIKOT KHANDA श्रीकोट खंडा
5,52,404,24529,SUMARI सुमारि
5,52,404,24530,SWEETH मीठा
5,52,404,24531,TAKOLI टकोली
5,52,404,24532,THAPLA थापला
5,52,405,24533,BAHERA बहेरा
5,52,405,24534,BAJUN बाजुन
5,52,405,24535,BAKRORA बकरौरा
5,52,405,24536,BALMANA बलमना
5,52,405,24537,BIRSANI बिरसानी
5,52,405,24538,BURANSI बुरांसी
5,52,405,24539,CHAPROLI छपरोली
5,52,405,24540,CHARAKOT चाराकोट
5,52,405,24541,DAIL सस्ता
5,52,405,24542,DEVAL देवल
5,52,405,24543,DEWAR DEWAR
5,52,405,24544,DHAMUND धमामुंड
5,52,405,24545,DHOULKANDI धौलकांडी
5,52,405,24546,DHUNGALI ढुंगली
5,52,405,24547,DHUNGI ढुंगी
5,52,405,24548,FALDAKOT फल्दाकोट
5,52,405,24549,FALSWARI फलसवारी
5,52,405,24550,GAIND लाभ
5,52,405,24551,GAIROL GAON गैरोल गांव
5,52,405,24552,GHIRHI घिरही
5,52,405,24553,JAMARI जमारी
5,52,405,24554,JAMLA जामला
5,52,405,24555,JANASU जनासू
5,52,405,24556,JASPUR जसपुर
5,52,405,24557,JHANJHARH झांझरहा
5,52,405,24558,KANDA (RAWATSUI) कांडा (रावतसुई)
5,52,405,24559,KANDA VAN कांडा वन
5,52,405,24560,KANDA(SITANSUI) कांडा(सीतानसुई)
5,52,405,24561,KANDOLA कंडोला
5,52,405,24562,KANDOLI कंडोली
5,52,405,24563,KAPARH कपरहा
5,52,405,24564,KATHUR कठूर
5,52,405,24565,KHARETH TALLA खरेठ तल्ला
5,52,405,24566,KHARKHOLA खरखोला
5,52,405,24567,KHERA खेड़ा
5,52,405,24568,KHOLA(KANDWALSUI) खोला(कंडवालसुई)
5,52,405,24569,KHOLA(SITANSUI) खोला(सीतानसुई)
5,52,405,24570,KORSARHA कोर्सरहा
5,52,405,24571,KOT कोट
5,52,405,24572,KULASU कुलासु
5,52,405,24573,KUNDI कुंडी
5,52,405,24574,LASERA लेसेरा
5,52,405,24575,MAKLORHI मक्लोरी
5,52,405,24576,MUCHHYALI मुछियाली
5,52,405,24577,NAKHON नेकहोन
5,52,405,24578,NAUGAON नौगांव
5,52,405,24579,NAWAN नवां
5,52,405,24580,PAIDUL पेडुल
5,52,405,24581,PALI पाली
5,52,405,24582,PALLA पल्ला
5,52,405,24583,PALOTA पालोटा
5,52,405,24584,PANCHUR पंचूर
5,52,405,24585,PANWAI पनवाई
5,52,405,24586,POKHARI पोखरी
5,52,405,24587,RAKHUN रखुन
5,52,405,24588,RAMPUR रामपुर
5,52,405,24589,RANAKOT राणाकोट
5,52,405,24590,SALDA सालदा
5,52,405,24591,SILSU सिलसु
5,52,405,24592,SIRALA सिराला
5,52,405,24593,TAIRI TAIRI
5,52,405,24594,THAMANA थमना
5,52,405,24595,TUNGAR तुंगार
5,52,406,24596,ADWADA ADWADA
5,52,406,24597,ANDROLI एंड्रोली
5,52,406,24598,ANSO BAKHLI ANSO बाखली
5,52,406,24599,APOLA अपोलो
5,52,406,24600,AULETH औलेथ
5,52,406,24601,BADETH बडेथ
5,52,406,24602,BAIRHAT BADA बैरहाट बाड़ा
5,52,406,24603,BAKROTI बकरोटी
5,52,406,24604,BARAGARH बैरागढ़
5,52,406,24605,BARAT MALLA बारत मल्ला
5,52,406,24606,BASOLI बसोली
5,52,406,24607,BHAUN भौन
5,52,406,24608,BILKOT बिलकोट
5,52,406,24609,BIRKHET बिरखेत
5,52,406,24611,CHAIBADA चाईबाडा
5,52,406,24612,CHAIRMAJKHOLA चैरमज़खोला
5,52,406,24613,CHAMARA चामरा
5,52,406,24615,CHILAO चिलो
5,52,406,24616,BAWANI बवानी
5,52,406,24617,CHINWADI चिनवाडी
5,52,406,24618,CHORGARH चोरगढ़
5,52,406,24619,CHULSIYA चुलसिया
5,52,406,24620,DAND DHAR दण्ड धर
5,52,406,24621,DANDWARI डंडवारी
5,52,406,24622,DANGAL GAON दंगल गांव
5,52,406,24623,DEVLAD देवलाड
5,52,406,24624,DEVTAKHET देवताखेत
5,52,406,24625,DIGOLI डिगोली
5,52,406,24626,DOBHA डोभा
5,52,406,24627,DUNGRI डुंगरी
5,52,406,24628,GOLA MALLA गोला मल्ला
5,52,406,24629,JAGDAYE जगदये
5,52,406,24630,JAMANDHAR जमंधर
5,52,406,24631,JAMARIYA जमरिया
5,52,406,24633,JOGIDA जोगिडा
5,52,406,24634,JYUNDALYUN ज्युंडाल्युं
5,52,406,24635,KAFALTANDA कफलटंडा
5,52,406,24636,KAMANDA कमांदा
5,52,406,24637,KAMEDA TALLA कामेदा तल्ला
5,52,406,24639,KASANA कसाना
5,52,406,24640,SIMLI MALLI सिमली मल्ली
5,52,406,24641,KHIRERI खिरेरी
5,52,406,24643,KHUNTINDABICHLA खूंटींडाबिचला
5,52,406,24644,KINATH किनाथ
5,52,406,24645,KINATH MALLA किनाथ मल्ल
5,52,406,24646,KINATHI किनाथी
5,52,406,24647,KOCHIYAR कोचियार
5,52,406,24648,KOLA MALLA कोला मल्ला
5,52,406,24649,KOLA TALLA कोला तल्ला
5,52,406,24650,KOTAPINJOLI कोटापिंजोली
5,52,406,24651,KYARKI MALLI क्यारकी मल्ली
5,52,406,24652,LUINTHA लुइंथा
5,52,406,24653,MAIRA मारिया
5,52,406,24654,MANDOLI मनडोली
5,52,406,24656,MANJEDA TALLA मंजेदा तल्ला
5,52,406,24657,MOXAN BADA मोक्सन बड़ा
5,52,406,24658,NALA नाला
5,52,406,24659,NALAI MALLI नलाई मल्ली
5,52,406,24660,NALAI PALLI नलाई पल्ली
5,52,406,24661,NARAD MOXAN नारद मोक्सन
5,52,406,24662,NONIYAKHET नोनियाखेत
5,52,406,24663,PALASI पलासी
5,52,406,24664,PANJARA BADA पंजरा बड़ा
5,52,406,24665,PANJARA TALLA पंजरा तल्ला
5,52,406,24666,PARSOLI पारसोली
5,52,406,24667,PATGAON पटगांव
5,52,406,24668,PATOTIYA पटोतिया
5,52,406,24669,PEEPALI पीपली
5,52,406,24670,PULTANDA पुलटंडा
5,52,406,24671,PUNAURI पुनौरी
5,52,406,24672,RAUNDERI BADI रौंदेरी बड़ी
5,52,406,24673,RINGALTA TALLA रिंगाल्टा तल्ला
5,52,406,24674,RINGALTI रिंगाल्टी
5,52,406,24675,SANDANA संदना
5,52,406,24676,SANGALIYA WALLA सांगलिया वाला
5,52,406,24677,SANGLIYA BICHALA सांगलिया बिचला
5,52,406,24678,SATKHOLYU सतखोल्यु
5,52,406,24679,SUNDOLA BAKHAL सुंदोला बाखल
5,52,406,24680,TANDOLI तंदौली
5,52,406,24681,TANDYU TANDYU
5,52,406,24682,TIMALAKHOLI तिमलाखोली
5,52,406,24683,UMATTA उमट्टा
5,52,406,24684,UTTINDA GAON उत्तिंडा गांव
5,52,407,24685,BAHELI बहेली
5,52,407,24686,BAJWAD बजवाड
5,52,407,24687,BANEKH बनेख
5,52,407,24688,BARSELA बरसेला
5,52,407,24689,BHANSWADA बांसवाड़ा
5,52,407,24690,BHATTEGAON भट्टेगांव
5,52,407,24691,BIDOLI बिडोली
5,52,407,24692,BISHALD बिशाल्ड
5,52,407,24693,BOONGA बूंगा
5,52,407,24694,BURASE बुरासे
5,52,407,24695,CHAANI चानी
5,52,407,24696,CHAID MALLA चैड मल्ला
5,52,407,24697,CHAPLODE चैपलोड
5,52,407,24698,CHAUDIKH चौदिख
5,52,407,24699,CHOPRA चोपड़ा
5,52,407,24700,CHOPRIYON CHOPRION
5,52,407,24701,CHORKANDI चोरकंडी
5,52,407,24702,DHARKOT धारकोट
5,52,407,24703,DHIKWALE ढिकवाले
5,52,407,24704,DHULETH धुलेठ
5,52,407,24705,DHUMAKA धुमका
5,52,407,24706,ETHOOND ETHOOND
5,52,407,24707,FALDWARE फाल्डवेयर
5,52,407,24708,GADIGAON MALLA गाड़ीगांव मल्ला
5,52,407,24709,GADIRIYA गदिरिया
5,52,407,24710,GITHALI गिठाली
5,52,407,24711,JABRAULE जबरूले
5,52,407,24712,JHANGRBOUN झंगरबौण
5,52,407,24713,KALON कलौं
5,52,407,24714,KALOON कलून
5,52,407,24715,KANDERI कंडेरी
5,52,407,24716,KHANDULI खंदौली
5,52,407,24717,KOLA कोला
5,52,407,24718,KOTA कोटा
5,52,407,24719,KOTALE कोटले
5,52,407,24720,KUIE कुई
5,52,407,24721,KULYANE कुल्याने
5,52,407,24722,KYARDH क्यारध
5,52,407,24723,SAKNIYANAMALLA साकनियानामल्ला
5,52,404,24724,MARORHA मरोड़ा
5,52,407,24725,MILAIE मिलाई
5,52,407,24726,NAIE एन.आई.ई.ई
5,52,407,24727,NAUGAON MALLA नौगांव मल्ला
5,52,407,24728,NISNE निस्ने
5,52,407,24729,PABAU पाबौ
5,52,407,24730,PALIGAON पालीगांव
5,52,407,24731,PANG वेदना
5,52,407,24732,PASEENA पसीना
5,52,407,24733,PATAL पटल
5,52,407,24734,PATOTE पटोटे
5,52,407,24735,PINANE पिनाने
5,52,407,24736,PIPALE पिपले
5,52,407,24737,POKHARE GAON पोखरे गांव
5,52,407,24738,SAIJE साईजे
5,52,407,24739,SANKER संकेर
5,52,407,24740,SANYU SANYU
5,52,407,24741,SARNA सरना
5,52,407,24742,SEKOO सेकू
5,52,404,24743,SHUKRA शुक्र
5,52,407,24744,SIMKHET सिमखेत
5,52,407,24745,SIMTOLI सिमटोली
5,52,407,24746,SIWAL सिवाल
5,52,407,24747,SRIKOT श्रीकोट
5,52,407,24748,TAL टीएएल
5,52,407,24749,THAPLI थापली
5,52,407,24750,TIMALKHAL तिमलखाल
5,52,404,24751,UALLE UALLE
5,52,408,24752,AAMKOTE आमकोट
5,52,408,24753,ASNOLI असनोली
5,52,408,24754,AYAAL अयाल
5,52,408,24755,BAIGVADE बैगवाडे
5,52,408,24756,BALODE बालोद
5,52,408,24757,BARA बारा
5,52,408,24758,BARAIN बरैन
5,52,408,24759,BARHGAON MALLA बरहगांव मल्ला
5,52,408,24760,BAUSARE बौसारे
5,52,408,24761,BHENTA भेंटा
5,52,408,24762,BHIMALI TALLI भीमाली तल्ली
5,52,408,24764,BHITAIE MALLA भिताई मल्ला
5,52,408,24765,BICHALE DHANDARE बिकाले धन्दारे
5,52,408,24766,BICHALE REVADE बिकाले रेवडे
5,52,408,24767,BODAKOT बोडाकोट
5,52,408,24768,BUDOLE बुडोले
5,52,408,24769,CHANDOLE RAIE चंदोले राय
5,52,408,24770,CHAWATH चवथ
5,52,408,24771,DANG डांग
5,52,408,24772,DHANAU MALLA धनौ मल्ला
5,52,408,24773,DHOBH धोभ
5,52,408,24774,DOBHA डोभा
5,52,408,24775,DUNGRI डुंगरी
5,52,408,24776,DWARKHIL द्वारखिल
5,52,408,24777,GAAD KA MARGAON गाड़ का मार्गो
5,52,408,24778,GAHARH GAHARH
5,52,408,24779,GANGVADA गंगवाडा
5,52,408,24780,GIRGAON गिरगांव
5,52,408,24781,GUMAIE गुमाई
5,52,408,24782,JAIRAJ जयराज
5,52,408,24783,KADAKOT कड़ाकोट
5,52,408,24784,KAFLANA कफलाना
5,52,408,24785,KAMEDA कामेड़ा
5,52,408,24786,KANDAI MALLI कांडई मल्ली
5,52,408,24787,KANDARA कंडारा
5,52,408,24788,KANDI कंडी
5,52,408,24789,KESUNDER केसुंदर
5,52,408,24790,KEVARS केवर्स
5,52,408,24791,KUTHAR कुठार
5,52,408,24792,KWALE क्वाले
5,52,408,24793,KYARK क्यार्क
5,52,408,24794,LWALE LWALE
5,52,408,24795,MASON राजमिस्त्री
5,52,408,24796,MOLTHI मोल्थी
5,52,408,24797,NANKOT नैनकोट
5,52,408,24798,NISANE निसाने
5,52,408,24799,OUREGI औरेगी
5,52,408,24800,PABOU MALLA पाबौ मल्ला
5,52,408,24801,PAIDUL पेडुल
5,52,408,24802,PISOLI पिसोली
5,52,408,24803,PUNDORE पुण्डोर
5,52,408,24804,RACHULI रचुली
5,52,408,24805,RAIDUL रैदुल
5,52,408,24806,SINDI सिंडी
5,52,408,24807,SIROLI सिरोली
5,52,408,24808,SRIKOT श्रीकोट
5,52,408,24809,TAMLAG तमलाग
5,52,408,24810,THALLI थल्ली
5,52,408,24812,UJIYADE उजियादे
5,52,408,24813,VAJALE वजले
5,52,409,24814,AIEROLE हवाईअड्डा
5,52,409,24815,ASLOT एक छिद्र
5,52,409,24816,BADETHA बड़ेथा
5,52,409,24817,BAGDEGAD बागडेगड़
5,52,409,24818,BAINDAR बैनदार
5,52,409,24819,BASAIE बसई
5,52,409,24820,BEENA DHAR बीना धार
5,52,409,24821,BEENA GAD बीना गाद
5,52,409,24822,BEENA MALLI बीना मल्ली
5,52,409,24823,BHADULI भदुली
5,52,409,24824,BHENTE भेंटे
5,52,409,24825,CHAMNAU चमनौ
5,52,409,24826,CHOPRA चोपड़ा
5,52,409,24827,DALMARHA दलमरहा
5,52,409,24828,DANTHA दांता
5,52,409,24829,DHANKHAND धनखंड
5,52,409,24830,DIVRARE MALLI दिवररे मल्ली
5,52,409,24831,GADDARE गद्दार
5,52,409,24832,GADOLE गैडोल
5,52,409,24833,GADRI गाडरी
5,52,409,24834,GAWANA MALLA गवाना मल्ला
5,52,409,24835,GHADIYAL घड़ियाल
5,52,409,24836,GHARTOLE घरटोले
5,52,409,24837,GURINDA गुरिंडा
5,52,409,24838,GWANI ग्वानी
5,52,409,24839,HADKOT हाडकोट
5,52,409,24840,JAJERE जजेरे
5,52,409,24841,JHALPADE झालपाड़े
5,52,409,24842,KAMERHE कैमरहे
5,52,409,24843,KHEDGAON खेड़गांव
5,52,409,24844,KIMGADE किमगाडे
5,52,409,24845,KOLA कोला
5,52,409,24846,KUIE कुई
5,52,409,24847,KURANJ कुरंज
5,52,409,24848,LAKHOLE लाखोले
5,52,409,24849,LWEETHA लेविथा
5,52,409,24850,MAJHGAON CHAUBATTA मझगांव चौबट्टा
5,52,409,24851,MALD BARA मालदा बारा
5,52,409,24852,MALKOT मालकोट
5,52,409,24853,MANJGAON मांझगांव
5,52,409,24854,MASMOLE मस्मोल
5,52,409,24855,MAYAL GAON मायल गांव
5,52,409,24856,MELGAON मेलगांव
5,52,409,24857,NAIE एन.आई.ई.ई
5,52,409,24858,ODGAON ओडगांव
5,52,409,24859,PALE फीका
5,52,409,24860,PAND पैर फैलाने
5,52,409,24861,PANIYA पनिया
5,52,409,24862,POKHRA पोखरा
5,52,409,24863,SAKNAULE SAKNAULE
5,52,409,24864,SALAR सालार
5,52,409,24865,SALD SALD
5,52,409,24866,SAUNDAL सौंडल
5,52,409,24867,SILETH सिलेथ
5,52,409,24868,SODIYADHAR सोदियाधार
5,52,409,24869,SRIKOT श्रीकोट
5,52,409,24870,VORGAON वोरगांव
5,52,410,24871,AGRODA एग्रोडा
5,52,410,24872,ANDAR GAON अंदर गाँव
5,52,410,24873,ANGANI अंगनि
5,52,410,24874,BADIYAR GAON MALLA बडियार गांव मल्ला
5,52,410,24875,BADKHET MALLA बडखेत मल्ला
5,52,410,24876,BADKHET TALLA बडखेत तल्ला
5,52,410,24877,BAGEDHA बगेढ़ा
5,52,410,24878,BAMAN KHOLA बामन खोला
5,52,410,24879,BARAI बरई
5,52,410,24880,BAYELA MALLA बयेला मल्ला
5,52,410,24881,BAYELA TALLA बयेला तल्ला
5,52,410,24882,BHANGALWAN भंगालवां
5,52,410,24883,BHAYANSU भयांसु
5,52,410,24884,BULEKHA बुलेखा
5,52,410,24885,BUNGA MALLA बंगा मल्ला
5,52,410,24886,BUNGA TALLA बुंगा तल्ला
5,52,410,24887,CHADIYANI PURVI चदियानी पूर्वी
5,52,410,24888,CHAPRAIT चैपरैट
5,52,410,24889,CHAUKRI चौकरी
5,52,410,24890,SILGAOUN MALLA सिलगांव मल्ला
5,52,410,24891,CHURANI चुरानी
5,52,410,24892,DABRAD डबराड
5,52,410,24893,DALMOTA दलमोटा
5,52,410,24894,DARKHASTI KHAL दरखस्ती खाल
5,52,410,24895,DAWARI PALLI दवारी पल्ली
5,52,410,24896,DAWARI WALLI दवारी वाली
5,52,410,24897,DEVKHAR देवखर
5,52,410,24898,DHAM DHAR धाम धर
5,52,410,24900,DHIKOLIYA ढिकोलिया
5,52,410,24901,DHUNGAL DHAR ढुंगल धार
5,52,410,24902,DOBARIYA डोबरिया
5,52,410,24903,DWARI द्वारी
5,52,410,24904,GADIUN गडियूं
5,52,410,24905,MUCHAIL GAOUN मुचैल गांव
5,52,410,24906,GHEEDI घीडी
5,52,410,24907,GUNEDI TALLI गुनेडी तल्ली
5,52,410,24908,GUTHERTA गुथेर्टा
5,52,410,24909,HITOTI हिटोटी
5,52,410,24910,JAMARI जमारी
5,52,410,24911,JHART झर्ट
5,52,410,24912,JUI जुई
5,52,410,24913,JUKARNIYA BADA जुकरनिया बड़ा
5,52,410,24914,KALIGAAD TALLA कालीगाड़ तल्ला
5,52,410,24915,KALWADI कलवाड़ी
5,52,410,24916,KANDA कांड
5,52,410,24917,KANDIYA MALLA कंडिया मल्ला
5,52,410,24918,KARTIYA करतिया
5,52,410,24919,KHANETA TALLA खनेटा तल्ला
5,52,410,24920,KILBO किल्बो
5,52,410,24921,KOTARI WALLI कोटारी वाली
5,52,410,24922,KOTNALI कोटनाली
5,52,410,24923,KUMALDI कुमाल्डी
5,52,410,24924,LEKULI लेकुली
5,52,410,24925,MAILDHAR मेलधार
5,52,410,24926,MAINDANI मैनदानी
5,52,410,24927,MAJIYADI SAIN मजियादी सेन
5,52,410,24928,MALAN GAON मालन गांव
5,52,410,24929,GHOTLA घोटला
5,52,410,24931,NAVE TALLI नेव तल्ली
5,52,410,24932,PALI पाली
5,52,410,24933,PALI GAON पालीगांव
5,52,410,24934,RAJBOU TALLA रज्जौ तल्ला
5,52,410,24935,SENDHI सेंधी
5,52,410,24937,SILBERI सिलबेरी
5,52,410,24938,SIMALSAIN सिमलसैन
5,52,410,24939,SINALA सिनाला
5,52,410,24940,SIRSWADI सिरसवाड़ी
5,52,410,24941,SUNDROLI सुंद्रोली
5,52,410,24942,SURMODI सुरमोडी
5,52,410,24943,TAKOLI टकोली
5,52,410,24944,TIMALSAIN तिमलसैंण
5,52,410,24945,TOLUN DANDA तोलुन डांडा
5,52,410,24946,UNERI UNERI
5,52,410,24947,WALSA MALLA वाल्सा मल्ला
5,52,411,24948,AINTHI ऐंठी
5,52,411,24949,ANTA KHOLI अन्ता खोली
5,52,411,24950,BADETH बडेथ
5,52,411,24951,BAGELI बगेली
5,52,411,24952,BAGWADI बागवाड़ी
5,52,411,24953,BANAS बनास
5,52,411,24954,BANGALI बंगाली
5,52,411,24955,BANJKOT बंजकोट
5,52,411,24956,BASOLA बसोला
5,52,404,24957,BHANSWADA बांसवाड़ा
5,52,411,24958,BHARNOU भरनो
5,52,411,24959,BYASI ब्यासी
5,52,411,24960,CHONDA चोंडा
5,52,404,24961,CHOPRA चोपड़ा
5,52,411,24962,CHOURA चौरा
5,52,404,24963,CHOUTHANI चौथनी
5,52,411,24964,DADOLI MALLI दडोली मल्ली
5,52,411,24965,DADOLI TALLI दडोली तल्ली
5,52,411,24966,DANDKHIL डंडखिल
5,52,411,24967,DANG डांग
5,52,411,24968,DERA डेरा
5,52,411,24969,DUMLIKOT डुमलीकोट
5,52,411,24970,EDA NAUGAON ईडीए नौगांव
5,52,411,24971,GADI GAON गाडी गाँव
5,52,411,24972,GADOLI गादोली
5,52,411,24973,GAGAOU गगाउ
5,52,411,24974,GWETH GAON ग्वेथ गांव
5,52,411,24975,HANSYURI हंस्युरी
5,52,411,24976,JAINTI DANG जैंती डांग
5,52,411,24977,JAKH जाख
5,52,411,24978,JAKHOLA जखौला
5,52,411,24979,JALOO जालू
5,52,411,24980,KAFAL GAON काफल गांव
5,52,411,24981,KAFALD कफल्ड
5,52,411,24982,KANAKOT कानाकोट
5,52,411,24983,KANDAI CHAUTHAN कांडईचौथान
5,52,411,24984,KANYUR कन्यूर
5,52,411,24985,KAPROLI कपरौली
5,52,411,24986,KATHUD कठूड़
5,52,411,24987,KHAND MALLA खंड मल्ला
5,52,411,24988,KIRSAAL किरसाल
5,52,411,24989,KOCHOULI कोचौली
5,52,411,24991,KUD KANDAI कूद कांडई
5,52,411,24992,KULAYANI कुलैणी
5,52,411,24993,KUNAITH कुनैथ
5,52,411,24994,KUNDEEL कुंडील
5,52,411,24995,MAILE मेल
5,52,411,24996,MAITHANA मैठाणा
5,52,411,24997,MAKHOLI मखौली
5,52,411,24998,MANJOLI मंझोली
5,52,411,24999,MANSARI मानसरी
5,52,411,25000,MARORA मरोरा
5,52,411,25001,MASON राजमिस्त्री
5,52,404,25002,MATHIGAON मथिगांव
5,52,411,25003,MIJGAON मिजगांव
5,52,411,25004,MUSETI मुसेटी
5,52,404,25005,NALAI नलाई
5,52,411,25006,NAUDI NAUDI
5,52,404,25007,NAUGAON नौगांव
5,52,411,25008,PAITHANI Paithani
5,52,411,25009,PALAAR पलार
5,52,411,25010,PALLI पल्ली
5,52,411,25011,PAPDIYANA पपडियाणा
5,52,411,25012,PATLEE पाटली
5,52,411,25013,PATON ` पाटन `
5,52,411,25014,PINAKOT पिनाकोट
5,52,411,25015,PINSAIN पिन्सैन
5,52,411,25016,POKHRE पोखरे
5,52,411,25017,POKHRI पोखरी
5,52,411,25018,RANGAON रणगांव
5,52,411,25019,RIKHOLI रिखोली
5,52,411,25020,RIKSAAL रिक्शाल
5,52,411,25022,ROULI रौली
5,52,411,25023,ROUNTA रौंटा
5,52,411,25024,SALON सैलून
5,52,411,25025,SANSO संसो
5,52,411,25026,SARNA सरना
5,52,411,25027,SIRTOLI सिरतौली
5,52,411,25028,SOLI TALLI सोलि तल्ली
5,52,411,25029,SOUNT ध्वनि
5,52,411,25030,SUNAR GAON सुनार गांव
5,52,411,25031,SUNDAR GAON सुंदर गांव
5,52,411,25032,SYOLI MALLI स्योली मल्ली
5,52,411,25033,SYUNSAL स्युन्सल
5,52,411,25034,TEELA टीला
5,52,412,25035,AMDI MALLI आमदी मल्ली
5,52,412,25036,AMOLA अमोला
5,52,412,25037,ASHO DAMRADA आशाओ दमराडा
5,52,412,25038,AWAI अवय
5,52,412,25039,BADOLI BADI बड़ौली बड़ी
5,52,412,25040,BADYUN बदायूँ
5,52,412,25041,BAGHALA बघला
5,52,412,25042,BAGOD GAON बागोदगांव
5,52,412,25043,BANAS MALLA बनास मल्ला
5,52,412,25044,BANAS TALLA बनास तल्ला
5,52,412,25045,BANCHURI बंचुरी
5,52,412,25046,BHADSI भादसी
5,52,412,25047,BHUKANDI भुकांडी
5,52,412,25048,BISSI बिस्सी
5,52,412,25049,BOR GAON बोर गाँव
5,52,412,25050,BUNGA टैग:
5,52,412,25051,GANGABHOGPUR TALLA गंगाभोगपुर तल्ला
5,52,412,25052,DANGI डांगी
5,52,412,25053,DEVRANA देवराना
5,52,412,25054,DHAMANDA धमांदा
5,52,412,25055,DHANSHI धंसी
5,52,412,25056,DHARI धरी
5,52,412,25057,DHARKOT धारकोट
5,52,412,25058,DIULI दिउली
5,52,412,25059,DIVOGI दिवोगी
5,52,412,25060,DUNG DHAR गोबर धार
5,52,412,25061,FALDA KO MALLA फलदा को मल्ला
5,52,412,25062,GAIND लाभ
5,52,412,25063,GANGA BHOG PUR MALLA गंगा भोग पुर मल्ला
5,52,412,25064,GHAIKHAL घइखाल
5,52,412,25065,GUMAL GAON BADA गुमाल गांव बड़ा
5,52,412,25066,GUNDI MALLI गुंडी मल्ली
5,52,412,25067,JAMAL जमाल
5,52,412,25068,JAY HARI MALLI जय हरि मल्ली
5,52,412,25069,JHER झेर
5,52,412,25070,JIYA DAMRADA जिया दमराडा
5,52,412,25071,JOGYANA जोग्याणा
5,52,412,25073,JUDDA जुड्डा
5,52,412,25074,JULEDI जुलेडी
5,52,412,25075,KANDA कांड
5,52,412,25076,KANDI कंडी
5,52,412,25077,KASAN कासन
5,52,412,25078,KASYALI कसयाली
5,52,412,25079,KHERA MALLA खेड़ा मल्ला
5,52,412,25080,KHERA TALLA खेड़ा तल्ला
5,52,412,25081,TIMLIAKRI तिमलियाक्रि
5,52,412,25082,KIMSAR किमसर
5,52,412,25083,KOLSHI कोलशी
5,52,412,25084,KOTA कोटा
5,52,412,25085,KUMARTHA कुमारथा
5,52,412,25086,KUTHAR कुठार
5,52,412,25087,MAGTHA मग्था
5,52,412,25088,MALA माला
5,52,412,25089,NAIL नाखून
5,52,412,25090,NAKURCHI नाकुर्ची
5,52,412,25091,NAND MALLA नंद मल्ल
5,52,412,25092,NAUGAUN MALLA नौगांव मल्ला
5,52,412,25093,NISHNI निशानी
5,52,412,25094,PARINDA परिंदा
5,52,412,25095,PATHOLA पैथोला
5,52,412,25096,PATNA पटना
5,52,412,25097,PILKHERI पिलखेड़ी
5,52,412,25098,POKHRI पोखरी
5,52,412,25099,RAMJI GUNTH रामजी गुंठ
5,52,412,25100,RANCHULA रंचुला
5,52,412,25101,RIKHERA रिखेरा
5,52,412,25102,SAR एसएआर
5,52,412,25103,SARWAL RAUD सरवाल रोड
5,52,412,25104,SILA सिला
5,52,412,25105,SIRASU सिरासू
5,52,412,25106,SINDURI सिन्दुरी
5,52,412,25107,TACHLA तछला
5,52,412,25108,THANGAR AKRA ठंगर एकरा
5,52,412,25109,TIMALI BADI तिमली बड़ी
5,52,412,25110,TIMALYANI तिमाल्यानि
5,52,412,25111,TOLA तोला
5,52,412,25112,TOLI टोली
5,52,412,25113,UDDA UDDA
5,52,412,25114,UMRA उमरा
5,52,412,25115,UMROLI उमरोली
5,52,412,25116,VENUK वेणुक
5,52,412,25117,VIJNI BADI विजनी बाड़ी
5,52,412,25118,VITHYANI विथ्यानि
5,52,413,25119,AMKATALA अमकटाला
5,52,413,25120,ASANKHET असंखेत
5,52,413,25121,BABEDE बाबडे
5,52,413,25122,BANSEE Banshee
5,52,413,25123,BARHGAON बरहगांव
5,52,413,25124,BARSWAD बरसवाड
5,52,413,25125,BASIE बस्सी
5,52,413,25126,BABINA बबीना
5,52,413,25127,BUDHGAON बुधगांव
5,52,413,25128,BYALE ब्याले
5,52,413,25129,CHAIE चाय
5,52,413,25130,CHAMETHA चमेथा
5,52,413,25131,CHAUD चौड
5,52,413,25132,CHINVON चिनवॉन
5,52,413,25133,DABREE डबरी
5,52,413,25134,DHAKSUN ढकसून
5,52,413,25135,DEVDALI देवदाली
5,52,413,25136,GARHKOT गढ़कोट
5,52,413,25137,GHANGLEE घांघली
5,52,413,25138,GHODA PALLA घोडा पल्ला
5,52,413,25139,GHETUL GAON घेतुल गांव
5,52,413,25140,GAJWAAD गजवाड
5,52,413,25141,GUNETHA गुनेथा
5,52,413,25142,GUNIYAL गुनियाल
5,52,413,25143,GAVILAANI गविलानी
5,52,413,25144,HANDUL TALLA हंदुल तल्ला
5,52,413,25145,JADIYANA जड़ियाना
5,52,413,25146,JADLA जाडला
5,52,413,25147,JALETHA जलेथा
5,52,413,25148,KANDA MALLA कांडा मल्ला
5,52,413,25149,KANDAI कांडई
5,52,413,25150,KANDOLE कंडोल
5,52,413,25151,KAPHALDE कफल्डे
5,52,413,25152,KHADKOLI खड़कौली
5,52,413,25153,KHUWANDI खुवांडी
5,52,413,25154,KIMAR किमर
5,52,413,25155,KOTA MALLA कोटा मल्ला
5,52,413,25156,KOTA TALLA कोटा तल्ला
5,52,413,25157,KOTAKHAL कोटाखाल
5,52,413,25158,MALETHE MALLI मलेठे मल्ली
5,52,413,25159,MANDOLE MALLI मंडोले मल्ली
5,52,413,25160,MANJHOLA मंझौला
5,52,413,25161,MATHALEE मथाली
5,52,413,25162,MERUDA मेरुडा
5,52,413,25163,NAGDHAR नागधार
5,52,413,25164,NAUGAON नौगांव
5,52,413,25165,NEGYADA नेग्यादा
5,52,413,25166,ODAL ओदल
5,52,413,25167,PAINALGAON पेनालगांव
5,52,413,25168,PALLE TALLI पल्ले टल्ली
5,52,413,25169,PASTA पास्ता
5,52,413,25170,PEEDA पीडा
5,52,413,25171,PUNDERGAON TALLA पुंडरगांव तल्ला
5,52,413,25172,REDA रेडा
5,52,413,25173,SAINDHEE सैंढी
5,52,413,25174,SAKMUNDA सकमुंडा
5,52,413,25175,SARE MALLE सारे माले
5,52,413,25176,SARE TALLI सारे टल्ली
5,52,413,25177,SILVAD सिलवाड
5,52,413,25178,SUKOLE TALLI सुकोले तल्ली
5,52,413,25179,KHERA खेड़ा
5,52,413,25180,SURMADE TALLI सुरमदे तल्ली
5,52,413,25181,PADER GAOUN पैडर गौन
5,52,413,25182,TASILA TALLA तसिला तल्ला
5,52,413,25183,THALDA थल्डा
5,52,413,25184,TOLE टोले
5,52,413,25185,BAADIYU बदीयू
5,52,413,25186,VANDUN वांदुन
5,52,413,25187,BAUNTHA बौंठा
5,52,413,25188,JAIHARI जयहरि
5,53,414,25189,AAMHAT अमहट
5,53,414,25190,AIRARI ऐरारी
5,53,414,25191,ANGARIYAGARA अंगरियागरा
5,53,414,25192,BAFILA बाफिला
5,53,414,25193,BAITHOLI बैठौली
5,53,414,25194,BALARA AGAR बलारा आगर
5,53,414,25195,BALYAU बल्याउ
5,53,414,25197,BARAIT BAFILA बरैत बाफिला
5,53,414,25198,BARET SANIGAON बरेट सानिगांव
5,53,414,25199,BARSAYAT बरसायत
5,53,414,25200,BATGAL बैटगल
5,53,414,25201,BELKOT बेलकोट
5,53,414,25203,BHANDARIGAON भंडारीगांव
5,53,414,25205,BHATIGAON PUNGRAU भट्टीगांव पुंगरौ
5,53,414,25206,BHOOL KI ADHAYALI भूल की अढयाली
5,53,414,25207,BHUVANESWAR भुवनेश्वर
5,53,414,25208,BOGAR बोगर
5,53,414,25209,BORA AGAR बोरा आगर
5,53,414,25210,BARAT JUBBAR बारात जुब्बर
5,53,414,25211,BUDERA बुडेरा
5,53,414,25212,BYATI ब्याति
5,53,414,25213,CHACHRAIT चचरैत
5,53,414,25214,CHAMA चामा
5,53,414,25215,CHANKANA चनकाना
5,53,414,25216,CHAUKHUNA चौखुना
5,53,414,25217,CHAUKORI चौकोरी
5,53,414,25218,CHAUSALA चौसाला
5,53,414,25219,DANGIGAON डांगीगांव
5,53,414,25220,DARMOLI दरमोली
5,53,414,25221,DASOLI दासोली
5,53,414,25222,DAULA UPRETI दौला उप्रेती
5,53,414,25223,DAULA WALIA दौला वालिया
5,53,414,25225,GARAU गरौ
5,53,414,25226,GARTIR गार्टिर
5,53,414,25227,GWEER GWEER
5,53,414,25228,HARIYAT NAGHAR हरियातनगर
5,53,414,25229,HATWALGAON हटवालगांव
5,53,414,25230,HIPA हिपा
5,53,414,25231,JAGTHALI जगथली
5,53,414,25232,JAKHRAWAT जखरावत
5,53,414,25233,KALASILA कालासिला
5,53,414,25234,KALETI कालेती
5,53,414,25235,KAMDINA कामदीना
5,53,414,25236,KANDEY कांडेय
5,53,414,25237,KARALA MAHAR कराला महार
5,53,414,25238,KHANAT खनात
5,53,414,25240,KHOLAGAON खोलागांव
5,53,414,25241,KOTGARI कोटगारी
5,53,414,25242,LACHIMA लछिमा
5,53,414,25243,LINGURANI लिंगुरानी
5,53,414,25244,LOHATHAL लोहाथल
5,53,414,25245,MAANIPUR मणिपुर
5,53,414,25246,MACHIKHET माछीखेत
5,53,414,25247,MANGAR मंगर
5,53,414,25248,MANTOLI मंटोली
5,53,414,25249,MASURIYA मसूरिया
5,53,414,25250,NAGAUR नागौर
5,53,414,25251,NAGILA GAON नगीला गांव
5,53,414,25252,NAYAL SAPOLI नायल सपोली
5,53,414,25253,PABHYA पभ्या
5,53,414,25254,PANKHUSERA पंखुसेरा
5,53,414,25255,PAUSA POSTALA पौसा पोस्टाला
5,53,414,25256,PEEPALTAR पीपलतर
5,53,414,25257,PILKHI पिल्खी
5,53,414,25258,PURANATHAL पुराणथल
5,53,414,25259,QUERALI QUERALI
5,53,414,25260,RAI GARSAYARI राई गर्सयारी
5,53,414,25261,RAITOLI रैतौली
5,53,414,25262,RAWALKHET रावलखेत
5,53,414,25263,RUYINATHAL रुयिनाथल
5,53,414,25264,SAGAURH सगौढ़
5,53,414,25265,SAHGARAU सहगराऊ
5,53,414,25266,SAILY PAK सैली पाक
5,53,414,25267,SAINAR साइनार
5,53,414,25269,SIMAYAL सिमायल
5,53,414,25270,SUKALYARI सुकल्यारी
5,53,414,25271,SUNATI सुनाति
5,53,414,25272,THAL थाल
5,53,414,25273,UDIYARI उडियारी
5,53,414,25274,UPRADA यूपीआरएडीए
5,53,414,25275,URISIRTOLI उरीसिरटोली
5,53,415,25276,BALING ईलिंग
5,53,415,25277,BALUWAKOT बलुवाकोट
5,53,415,25278,BANGA PANI बंगा पानी
5,53,415,25279,BARAM बरम
5,53,415,25280,BAUN बाउन
5,53,415,25281,BUNDI बूंदी
5,53,415,25282,BUNG BUNG बंग बंग
5,53,415,25283,CHAL चल
5,53,415,25284,CHALMA CHHILASON चाल्मा चिलासन
5,53,415,25285,CHHARCHHUM चारचम
5,53,415,25286,DAR डीएआर
5,53,415,25287,DHARCHULA DEHAT धारचूला देहात
5,53,415,25288,DIYUTI BAGAR दियुति बागर
5,53,415,25289,DUGTU दुग्तु
5,53,415,25290,DUNGA TOLI डूंगा टोली
5,53,415,25291,GALATI गलाती
5,53,415,25292,GARBIYANG गर्बियांग
5,53,415,25293,GARGUWA गर्गुवा
5,53,415,25294,GAU गऊ
5,53,415,25295,GUNJEE गुंजी
5,53,415,25296,HIMKHOLA हिमखोला
5,53,415,25297,JAI KOT जय कोट
5,53,415,25298,JAMKU जमकु
5,53,415,25299,JARA JEEBLI जरा जिबली
5,53,415,25300,JIPTI जिप्टी
5,53,415,25301,JUMMA जुम्मा
5,53,415,25302,JYOTI PANGU ज्योति पंगु
5,53,415,25303,KALIKA कालिका
5,53,415,25304,KANAR कनार
5,53,415,25305,KHELA खेला
5,53,415,25306,KHET खेत
5,53,415,25307,KHUMTI खुमती
5,53,415,25308,KIMKHOLA किमखोला
5,53,415,25309,KUTI कुटी
5,53,415,25310,LUMTI LUMTI
5,53,415,25311,METALEE मेटली
5,53,415,25312,NAGLING नागलिंग
5,53,415,25313,NEW नया
5,53,415,25314,PANGALA पंगाला
5,53,415,25315,PAYYA PAURI पैय्या पौड़ी
5,53,415,25316,RAM TOLI राम टोली
5,53,415,25317,RANTHI रांथी
5,53,415,25318,RONG KONG रोंग कांग
5,53,415,25319,RUNG सीढ़ी
5,53,415,25320,SEEPU सीपु
5,53,415,25321,SELA सेला
5,53,415,25322,SIR DANG सर डांग
5,53,415,25323,SIRKHA सिरखा
5,53,415,25324,SOSA सोसा
5,53,415,25325,SUWA सुवा
5,53,415,25326,SYANKURI स्यांकुरी
5,53,415,25327,TANKUL टांकुल
5,53,415,25328,TOLI टोली
5,53,415,25329,UMCHIYA उमचिया
5,53,416,25330,ATHKHET अठखेत
5,53,416,25331,AZERA अज़ेरा
5,53,416,25332,BAGAJIWALA बागीवाला
5,53,416,25333,BAJANI बजनी
5,53,416,25334,BALTIR बाल्टिर
5,53,416,25335,BARAM BACHKUDI बरम बच्कुडी
5,53,416,25336,BARNA AERI बरना ऐरी
5,53,416,25337,BATYULI बटयुली
5,53,416,25338,BHAISUDI भैसुडी
5,53,416,25339,BHALU UDIYAR भालूउ उदियार
5,53,416,25340,BHANADA भानाडा
5,53,416,25341,BHARGAON भरगांव
5,53,416,25342,BINAYAK बिनायक
5,53,416,25343,BORA GAON बोरा गांव
5,53,416,25344,BORABUNGA बोराबुंगा
5,53,416,25346,CHITGAL GAON चित्गल गाँव
5,53,416,25347,DAULI KAULI डौली कौली
5,53,416,25348,DHUNGETI ढुंगेटी
5,53,416,25349,DYOUKALI द्यौकालि
5,53,416,25350,DINGOTI डिंगोटी
5,53,416,25351,DUNAKOT डुनाकोट
5,53,416,25352,DURLEKH दुरलेख
5,53,416,25353,GARALI गराली
5,53,416,25354,DHINGTARH धिंगताढ़
5,53,416,25355,GHIMALI घिमाली
5,53,416,25356,GOBRARI गोबरारी
5,53,416,25357,GOL गोल
5,53,416,25358,HACHILA हचिला
5,53,416,25359,HAT THARP हैट थार्प
5,53,416,25360,HUNERA हुनेरा
5,53,416,25361,JAKH DHAULAIT जाख धौलैत
5,53,416,25362,JAMTAD जामताड़
5,53,416,25363,KANDA MANSINGH कांडा मानसिंह
5,53,416,25364,KAULI KANYAL कौली कन्याल
5,53,416,25365,KHETAR KANYAL खेतार कन्याल
5,53,416,25366,KHOLI CHARMA खोली चार्मा
5,53,416,25367,KHOLI MALI खोली माली
5,53,416,25368,KUKRAULI कुकरौली
5,53,416,25369,KUMALGAON कुमालगांव
5,53,416,25370,KUDIYAN कुड़ियाँ
5,53,416,25371,LADHARA लधारा
5,53,416,25372,LAKHATI GAON लखाटी गांव
5,53,416,25373,LEJAM लेजम
5,53,416,25374,LEPARTI लेपार्टी
5,53,416,25375,LIMA BHAT लीमा भट
5,53,416,25376,MAD पागल
5,53,416,25377,MALAJHULA मालाझूला
5,53,416,25378,MASMOLI मस्मोली
5,53,416,25379,NANKUDI ननकुडी
5,53,416,25380,NANPAPO नानपापो
5,53,416,25381,OGALA ओगाला
5,53,416,25382,PAMSAYARI पमस्यारी
5,53,416,25383,RANIKHET रानीखेत
5,53,416,25384,SATA SATA
5,53,416,25385,SATYAL GAON सत्यालगांव
5,53,416,25386,SAUGAON सौगांव
5,53,416,25387,SAYALAWE सयालावे
5,53,416,25388,SITOLI सितौली
5,53,416,25389,TALLA MIRTHI तल्ला मिर्थी
5,53,416,25390,TOULI CHUFAAL टूली चुफाल
5,53,416,25391,TURGOLI तुर्गोली
5,53,417,25392,AGRON AGRON
5,53,417,25393,ANOLEE एनोली
5,53,417,25394,ASKODA ASKODA
5,53,417,25395,BADENA बडेना
5,53,417,25396,VADYURA वद्युरा
5,53,417,25397,BAISALI बैसाली
5,53,417,25398,BALA TARI बाला तारी
5,53,417,25399,BALI GAON बाली गाँव
5,53,417,25400,VANELA GAON वनेला गांव
5,53,417,25401,BANKOT बैंकोट
5,53,417,25402,BASIKHET बासीखेत
5,53,417,25403,BASIKHET LAGA DHANAULA SERA बासीखेत लगा धनौला सेरा
5,53,417,25404,BANS प्रतिबंध
5,53,417,25405,BATGERI बैटगेरी
5,53,417,25406,BATKATOLI बटकाटोली
5,53,417,25407,BYAL KATIYA ब्याल कटिया
5,53,417,25408,BHAMA भामा
5,53,417,25409,BHANDARI GAON भंडारी गांव
5,53,417,25411,BHINGARI भिंगारी
5,53,417,25412,BHULI GAON भूलीगांव
5,53,417,25413,VIRGOLI विरगोली
5,53,417,25414,VIROLI विरोली
5,53,417,25415,BOKTA बोक्ता
5,53,417,25416,BOYAL बोयाल
5,53,417,25417,BUNGLI बंगली
5,53,417,25418,BURSAM बर्सम
5,53,417,25419,BUSAIL बिजनेस
5,53,417,25420,CHAHAJ चाहज
5,53,417,25421,CHAK चक
5,53,417,25423,CHAUR DHUROLI चौर धुरोली
5,53,417,25424,CHITGAL चिटगल
5,53,417,25426,CHOLI अंगिया
5,53,417,25427,CHONA चोना
5,53,417,25428,CHOWKI चौकी
5,53,417,25429,DAMDE दमडे
5,53,417,25430,DASILA KHET डसीला खेत
5,53,417,25431,DEVRALA देवराला
5,53,417,25432,DHARARI KUND धरारी कुंड
5,53,417,25433,DHARI DHUMLA KOT धारी धूमला कोट
5,53,417,25434,AAGAR आगर
5,53,417,25435,DUNI दूनि
5,53,417,25436,DYUL HADA KOTA द्युल हाडा कोटा
5,53,417,25437,FOOTSIL फुटसिल
5,53,417,25438,GANAI GANGOLI गनई गंगौली
5,53,417,25439,GANURA गनुरा
5,53,417,25440,GAWADI गावडी
5,53,417,25441,GAWASI KOT गावसी कोट
5,53,417,25442,GHORA SIL घोरा सिल
5,53,417,25443,GOBAR GARA गोबर गारा
5,53,417,25444,GOL CHAURA गोल चौरा
5,53,417,25445,GUNA KITAN गुण कितन
5,53,417,25446,GWAL ग्वाल
5,53,417,25448,HANERA LAGA ROL हनेरा लगा रोल
5,53,417,25450,ITANA इटाणा
5,53,417,25451,JAJAULI जजौली
5,53,417,25452,JAJUT जाजुत
5,53,417,25453,JAKHANI UPRETI जखनी उप्रेती
5,53,417,25454,JAKHERI जखेरी
5,53,417,25455,JAMTOLA जामटोला
5,53,417,25456,JARMAL GAON जरमल गांव
5,53,417,25457,JEEVAL जीवल
5,53,417,25458,JHAL TOLA झाल टोला
5,53,417,25459,KANDA कांड
5,53,417,25460,KHARKI BAJYURA खरकी बज्यूरा
5,53,417,25461,KHATIGAON खातीगांव
5,53,417,25462,KHETI GAON खेतीगांव
5,53,417,25463,KHULAIT खुलैत
5,53,417,25464,KOTHERA कोठेरा
5,53,417,25466,KUNALTA कुनाल्टा
5,53,417,25467,KUNTOLA कुन्तोला
5,53,417,25468,LAKH TOLI लाख टोली
5,53,417,25469,MALLA GARKHA मल्ला गरखा
5,53,417,25470,MATOLI मतोली
5,53,417,25471,NAINI नैनी
5,53,417,25472,NAINOLIKAINA Nainolikaina
5,53,417,25473,NAKOT नाकोट
5,53,417,25474,NALI नाली
5,53,417,25475,NAINOLI नैनोली
5,53,417,25476,NAYAL नायल
5,53,417,25477,OLI GAON ओली गांव
5,53,417,25478,OLIYAGAON ओलियागांव
5,53,417,25479,PABHYA पभ्या
5,53,417,25480,FADIYALI फदियाली
5,53,417,25481,PALI पाली
5,53,417,25482,PALI PALYAL पाली पलयाल
5,53,417,25483,PALTODI पलतोड़ी
5,53,417,25484,PASS DEV पास देव
5,53,417,25485,PEEPLI NIGALTI पीपली निगलटी
5,53,417,25486,PILKHI पिल्खी
5,53,417,25487,POKHARI AATHIGAON पोखरी आठगांव
5,53,417,25488,POKHARI BHAIRANG पोखरी भैरंग
5,53,417,25490,RAITOLA रायटोला
5,53,417,25491,RASYUN रस्यूं
5,53,417,25493,RITHAYAT रिठायत
5,53,417,25494,ROTEDA रोटेदा
5,53,417,25495,RUGADI रुगाडी
5,53,417,25496,RUNKOT रनकोट
5,53,417,25497,SARTOLA सार्तोला
5,53,417,25498,SERA URF BADOLI सेरा उरफ बड़ौली
5,53,417,25499,SIMAL KOT सिमल कोट
5,53,417,25500,SIMALI सिमाली
5,53,417,25501,SUGADI सुगाडी
5,53,417,25502,SUKANA सुकना
5,53,417,25503,SUNKHOLA सनखोला
5,53,417,25504,SUNYORA सुनयोरा
5,53,417,25505,SURKHAL सुरखाल
5,53,417,25506,SURKHAL PATHAK सुरखाल पाठक
5,53,417,25507,TIMTA CHAM DUNGRA टिम्टा चाम डुंगरा
5,53,417,25508,TUNDA CHAURA टुंडा चौरा
5,53,417,25509,TUPROLI टुप्रोली
5,53,417,25510,UPRARA उपरारा
5,53,418,25511,AANAGAON आनागांव
5,53,418,25512,AGANIA अगनिया
5,53,418,25513,AMTARI अमतारी
5,53,418,25514,BADAL CHAMU बादल चामु
5,53,418,25515,BAMDOLI बामडोली
5,53,418,25516,BANIGAON बनिगांव
5,53,418,25517,BARAKOT बाराकोट
5,53,418,25518,BARMO बरमो
5,53,418,25519,BASOUR बसौर
5,53,418,25520,BASTARI बस्तरी
5,53,418,25521,BATHOLI बथौली
5,53,418,25522,BATULA बटुला
5,53,418,25523,BAZAR बाजार
5,53,418,25524,BHADIRIKA भद्रिका
5,53,418,25525,BHANDARI GAON RAJWAR भंडारी गांव रजवार
5,53,418,25526,BHOTARI भोतरी
5,53,418,25527,BICHHUL बिछौल
5,53,418,25528,CHAMU चामू
5,53,418,25529,CHAUSAL चौसल
5,53,418,25530,CHOWKI चौकी
5,53,418,25531,DANGATI दंगती
5,53,418,25533,DAYORA दयोरा
5,53,418,25534,DEVAL देवल
5,53,418,25535,DHATKHOLA धातखोला
5,53,418,25536,DIGRA डिगरा
5,53,418,25537,DIGRA MUWANI डिगरा मुवानी
5,53,418,25538,DUNDU दुन्दु
5,53,418,25539,DUNGARI डूंगरी
5,53,418,25540,DUNGRA डुंगरा
5,53,418,25541,DWALISERA द्वालीसेरा
5,53,418,25542,GAIDALI NADU गैदाली तमिलनाडु
5,53,418,25543,GARJIYA गर्जिया
5,53,418,25544,GUDOLI गुड़ौली
5,53,418,25545,HARALI हराली
5,53,418,25546,HIMKOT हिमकोट
5,53,418,25547,JAMTARI जामताड़ी
5,53,418,25548,JETHIGAON जेठीगांव
5,53,418,25549,CHINGAAL चिंघाल
5,53,418,25550,JOGYURA जोग्युरा
5,53,418,25551,KACHANA कचना
5,53,418,25552,KAMTOLI कमतोली
5,53,418,25553,KANDALI कंडाली
5,53,418,25554,KAPARIGAON कपारीगांव
5,53,418,25555,KANADHAR कनाधार
5,53,418,25556,KHANPAR खानपर
5,53,418,25557,KHAWAKOT खवाकोट
5,53,418,25558,KHAWATARI खवातरी
5,53,418,25559,KHOLIYA GAON खोलिया गाँव
5,53,418,25560,KOTALI कोटाली
5,53,418,25561,KUSAIL कुसैल
5,53,418,25562,KUTA कूटा
5,53,418,25563,LIMATODA लिमाटोडा
5,53,418,25564,LOHAKOT लोहाकोट
5,53,418,25565,MAHATGAON महतगांव
5,53,418,25566,MALAN CHARMA मालन चार्मा
5,53,418,25567,MITARI GAON मितारीगांव
5,53,418,25568,MORI मोरी
5,53,418,25569,MUSGAON मुसगांव
5,53,418,25570,NAGRORA नगरोरा
5,53,418,25571,NAKHNOLI नखनोली
5,53,418,25572,NARAIT नाराइत
5,53,418,25573,NAWALI नावली
5,53,418,25574,DHYOGARA PIPLI द्योगरा पिपली
5,53,418,25575,OJHA MALLA ओझा मल्ल
5,53,418,25576,OJHA TALLA ओझा तल्ला
5,53,418,25577,OLTARI OLTARI
5,53,418,25578,PALI पाली
5,53,418,25579,PANT SERA पैंट सेरा
5,53,418,25580,PATALIGAON पाटलिगांव
5,53,418,25581,RASGARI रसगरी
5,53,418,25582,RIN रिन
5,53,418,25583,SILONI सिलोनी
5,53,418,25584,SATGARH सतगढ़
5,53,418,25585,SAUGAON सौगांव
5,53,418,25586,SAWALI SERA सांवली सीरा
5,53,418,25587,SIL एसआईएल
5,53,418,25588,SIROLI सिरोली
5,53,418,25589,SUNAKOT सुनाकोट
5,53,418,25590,SUROLI सुरोली
5,53,418,25591,SURAUN सुरौन
5,53,418,25592,SYUBAN स्यूबन
5,53,418,25593,THALGAON थालगांव
5,53,418,25594,TITARI टिटारी
5,53,418,25595,URAI उरई
5,53,418,25596,USAIL यूसेल
5,53,419,25597,AKHULI अखुली
5,53,419,25598,BADABE बडाबे
5,53,419,25599,BADALU बडालू
5,53,419,25600,BALTADI बाल्टाडी
5,53,419,25601,BASOD बासोद
5,53,419,25602,BHARKATIYA भरकटिया
5,53,419,25603,BHATEDI भटेडी
5,53,419,25604,BHAUDI भौदी
5,53,419,25605,BILAI बिलाई
5,53,419,25606,BISHA BAJED बिशा बाजेड
5,53,419,25607,BISHKHOLI बिशखोली
5,53,419,25608,BUDAL GAON बुदल गाँव
5,53,419,25609,CHIRALY चिराली
5,53,419,25610,CHYODI च्योड़ी
5,53,419,25611,DEVDAR देवदर
5,53,419,25612,DHARI AAIR धारी एयर
5,53,419,25613,DHAUL KANDA धौल कांदा
5,53,419,25614,DOLI डोली
5,53,419,25615,GHUNSERA GAON घुनसेरा गांव
5,53,419,25616,DHURCHU धुरचू
5,53,419,25617,DIGANS डिगन्स
5,53,419,25618,DIGRA डिगरा
5,53,419,25619,DOBANS डोबांस
5,53,419,25620,GAINA गैना
5,53,419,25621,GALAT गलाट
5,53,419,25622,GANGA SERI गंगा सेरी
5,53,419,25623,GAUNCH NAYA BAD गौंच नया बुरा
5,53,419,25624,GETHIGARA गेथिगारा
5,53,419,25625,GORIHAT गोरीहाट
5,53,419,25626,HALDU हल्दू
5,53,419,25627,HIMTAR हिमतार
5,53,419,25628,JAKH PANT जाख पंत
5,53,419,25629,JALTURI जालतुरी
5,53,419,25630,JAZAR CHINGARI जाजर चिंगारी
5,53,419,25631,JEEVEEMAIGUNTH जीवेमाईगुंठ
5,53,419,25632,KANADI कनाड़ी
5,53,419,25633,KATIYANI कटियानी
5,53,419,25634,DOLI URF KHARK DAULY डोली उर्फ ​​खरक दैनिक
5,53,419,25635,KHARKINI खरकिनी
5,53,419,25636,KHATERA खटेरा
5,53,419,25637,KHUNA खुना
5,53,419,25638,QUI GAON क्वी गाँव
5,53,419,25639,KUNKATIYA कुंकटिया
5,53,419,25640,MAJHEER KANDA मझीर कांडा
5,53,419,25641,MAJHEDA मझेड़ा
5,53,419,25642,MANKATIYA मनकटिया
5,53,419,25643,MAR KHARAYAT मर खरायत
5,53,419,25644,MARMANLEY मार्मनले
5,53,419,25645,MARSOLI मर्सोली
5,53,419,25646,MUNAKOT मूनाकोट
5,53,419,25647,NADHAR नादर
5,53,419,25648,PAN KHOLI पान खोली
5,53,419,25649,QUAR BAN क्वार प्रतिबंध
5,53,419,25650,QUITAR QUITAR
5,53,419,25651,RAJAURA रजौरा
5,53,419,25652,RIYANSI रियांसी
5,53,419,25653,RUEENA रुएना
5,53,419,25654,SAKUN सकुन
5,53,419,25655,SALLA सैला
5,53,419,25656,SALMORA सल्मोड़ा
5,53,419,25657,SAT SILING सैट सिलिंग
5,53,419,25658,SAUN GAON सौन गाँव
5,53,419,25659,SAURN LEKH सौरन लेख
5,53,419,25660,SEL एसईएल
5,53,419,25661,SILINGIYA सिलिंगिया
5,53,419,25662,SILONI सिलोनी
5,53,419,25663,SIMALKOT सिमलकोट
5,53,419,25664,SIRKUCH सिरकुच
5,53,419,25665,TADEMIYAN तडेमियान
5,53,419,25666,TADI GAON ताड़ीगांव
5,53,419,25667,TOLI टोली
5,53,419,25668,URAGA उरगा
5,53,420,25669,DARMA AALAM दरमा आलम
5,53,420,25670,BAJETA बजेटा
5,53,420,25671,BALTHI बल्थी
5,53,420,25672,BAMAN GAON GOOTH बामन गांव गूठ
5,53,420,25673,BANIYA GAON बनियागांव
5,53,420,25674,BANS BAGAR बंस बागड़
5,53,420,25675,BARA बारा
5,53,420,25676,BASANI बासनी
5,53,420,25677,BASANT KOT बसंत कोट
5,53,420,25678,BATA बाटा
5,53,420,25679,BEDUMAHAR बेदुमहार
5,53,420,25681,BHAISKHAL भैसखाल
5,53,420,25682,BHURTING भुर्टिंग
5,53,420,25683,BONA वास्तविक
5,53,420,25684,BORA GAON बोरा गांव
5,53,420,25685,BUE ब्यू
5,53,420,25686,BUNGA टैग:
5,53,420,25687,MILAM मिलाम
5,53,420,25688,CHAMI BHAISKOT चामी भैसकोट
5,53,420,25689,KAWWA DHAR कव्वा धार
5,53,420,25690,DAFA दाफा
5,53,420,25691,DAKHIM दाखिम
5,53,420,25692,DARATI दरति
5,53,420,25693,DARKOT दरकोट
5,53,420,25694,DEV KUNA देव कुना
5,53,420,25695,DHAMI GAON धामीगांव
5,53,420,25696,DHAPA धापा
5,53,420,25697,DHURA TOLI धूरा टोली
5,53,420,25698,DIM DIMIYA मंद डिमिया
5,53,420,25699,DOOR दरवाजा
5,53,420,25700,DUMAR TALLA डूमर तल्ला
5,53,420,25701,FAPA एफएपीए
5,53,420,25702,GINNI गिन्नी
5,53,420,25703,GIR GAON गिर गांव
5,53,420,25704,GOLFA गोल्फ़ा
5,53,420,25705,GOOTHI गूठी
5,53,420,25706,HARKOT हरकोट
5,53,420,25707,HOKARA होकारा
5,53,420,25708,HUPALI हुपाली
5,53,420,25709,JAITY जयति
5,53,420,25710,JOSHA जोशा
5,53,420,25711,KHASIYA BARA खसिया बारा
5,53,420,25712,KHATERA खटेरा
5,53,420,25713,KHOYAM खोयम
5,53,420,25714,KIM KHET किम खेत
5,53,420,25715,KOTA कोटा
5,53,420,25716,KOTAL GAON कोटाल गांव
5,53,420,25717,KOTYURA कोट्युरा
5,53,420,25718,LODH लोध
5,53,420,25719,MADKOT मदकोट
5,53,420,25720,MAGAR मगर
5,53,420,25721,MALLA BHAISKOT मल्ला भैसकोट
5,53,420,25722,MALLA GHORPATTA मल्ला घोरपट्टा
5,53,420,25723,MALON मैलोन
5,53,420,25724,MANI TUNDI मणि टुंडी
5,53,420,25725,MARNI DHAMI मार्नी धामी
5,53,420,25726,MAWANI DAWANI मवानी दावानी
5,53,420,25727,NACHANI नाचनी
5,53,420,25728,NAMIK नामिक
5,53,420,25729,NAPAR NAPAR
5,53,420,25730,LACHPA लछपा
5,53,420,25731,PAATU PAATU
5,53,420,25732,PAPARI पापरी
5,53,420,25733,QUETY QUETY
5,53,420,25734,QUIRY पूछताछ
5,53,420,25735,RAPTI राप्ती
5,53,420,25736,RAYAN रायन
5,53,420,25737,RINGONIA रिंगोनिया
5,53,420,25738,RINGU रिंगु
5,53,420,25739,SAIE POLO साई पोलो
5,53,420,25740,SAILMALI सेलमाली
5,53,420,25741,SAIN RATHI सैन राठी
5,53,420,25742,SAMKOT समकोट
5,53,420,25743,SERA SURAIEDHAR सेरा सुरईधार
5,53,420,25744,SILING सिलिंग
5,53,420,25745,SINI सिनी
5,53,420,25746,SAR MOLI सार मोली
5,53,420,25747,SIRTOLA सिरटोला
5,53,420,25748,SURING सुरिंग
5,53,420,25749,TALLA BHAISKOT तल्ला भैसकोट
5,53,420,25750,TALLA GHOR PATTA तल्ला घोर पट्टा
5,53,420,25751,TANGA टांगा
5,53,420,25752,TEJAM तेजम
5,53,420,25753,TOMIK TOMIK
5,53,421,25754,AGAR आगर
5,53,421,25756,BALAKOT बालाकोट
5,53,421,25757,BANS MAITOLI बंस मैतौली
5,53,421,25759,BEDA बेडा
5,53,421,25760,BHATYURA भट्यूरा
5,53,421,25761,BHURMUNI भुरमुनि
5,53,421,25762,BISAD बिसाद
5,53,421,25763,CHAMALI चमाली
5,53,421,25764,CHESAR चेसर
5,53,421,25765,CHHANA PANDEY छना पांडे
5,53,421,25766,CHHERA छेरा
5,53,421,25768,DEVAT PUR CHUARA देवता पुर चौराहा
5,53,421,25769,DHARI DHAMORA धारी धमोरा
5,53,421,25770,DHARI JOSHI धरी जोशी
5,53,421,25771,DIGTOLI डिगटोली
5,53,421,25772,DIYURI दिउरी
5,53,421,25773,DUNGABHOOL डुंगाभूल
5,53,421,25774,DUNGARI डूंगरी
5,53,421,25775,DUNGRA डुंगरा
5,53,421,25776,GAITHANA गैठना
5,53,421,25777,GARKOT गरकोट
5,53,421,25778,GOGNA गोगना
5,53,421,25779,GURNA गुरना
5,53,421,25780,IGYAR IGYAR
5,53,421,25781,HURETEE ह्यूरेटी
5,53,421,25782,JAGTAD जगताद
5,53,421,25783,JAJURALI जजुराली
5,53,421,25784,JAKH जाख
5,53,421,25785,JAMRARI जमरारी
5,53,421,25786,JHUNI झूनी
5,53,421,25787,KANTE कांटे
5,53,421,25788,KASANI कासनी
5,53,421,25789,KHARKU BHALIYA खरकू भलिया
5,53,421,25790,KHATIGAON खातीगांव
5,53,421,25791,KUCHA कुचा
5,53,421,25792,KUSAULI कुसौली
5,53,421,25793,LELU लेलु
5,53,421,25794,MAJHERA SAMOLA मझेरा समोला
5,53,421,25795,MALLISEEM मल्लीसीम
5,53,421,25796,MASAUN मासौन
5,53,421,25797,MEL DUNGARI मेल डूंगरी
5,53,421,25799,NADHAR नादर
5,53,421,25800,NAINI नैनी
5,53,421,25801,NAINIBHANAR नैनीभनार
5,53,421,25802,NISANI निसानी
5,53,421,25803,PABHAE BALDIYA पाभाए बलदिया
5,53,421,25804,PABHAIN पाभैन
5,53,421,25805,PALI पाली
5,53,421,25806,PANDA पांडा
5,53,421,25807,PAPDEV पापदेव
5,53,421,25808,PAUN पौन
5,53,421,25809,PUNERI MAHAR पुणेरी महार
5,53,421,25810,PURAN पूरन
5,53,421,25811,RAWAL GAON ( GARKOT ) रावल गाँव (गड़कोट)
5,53,421,25812,RAWAL GAON (JAKH) रावल गाँव (जाख)
5,53,421,25813,RORI रोरी
5,53,421,25814,SANGHAR संघार
5,53,421,25815,SATGAL सतगल
5,53,421,25816,SAYALA सायला
5,53,421,25817,SERI सेरी
5,53,421,25818,SERI BARAKOT सेरी बाराकोट
5,53,421,25819,SERI KANDA सेरी कांड
5,53,421,25820,SYUNI स्यूणी
5,53,421,25821,SOOJAI सूजाई
5,53,421,25822,SUAKOT सुआकोट
5,53,421,25823,TAKARI तकरी
5,53,421,25824,TALLISAR तल्लीसर
5,53,421,25825,TARIGAON तारीगांव
5,53,421,25826,THARKOT थरकोट
5,53,421,25827,TILTAR टिलतार
5,53,421,25828,TOLI PHAGALY टोली फागली
5,53,421,25829,UKHADI SERI उखाडी सेरी
5,53,421,25830,UPER TOLA ऊपर टोला
5,53,421,25831,VASTE विशाल
5,54,422,25832,AGAR आगर
5,54,422,25833,AKHORI अखौरी
5,54,422,260178,AURANG औरंग
5,54,422,25834,BACHANI बचैनी
5,54,422,25981,BAINJI बैंजी
5,54,422,25835,BAIRAGANA बैरागना
5,54,422,25982,BAJUN बाजुन
5,54,422,25836,BAMSU BAMSU
5,54,422,25837,BANGAON बनगांव
5,54,422,25838,BANGOLI बंगोली
5,54,422,25839,BANSOU बांसौ
5,54,422,25840,BARAMVARI बारामवारी
5,54,422,25841,BARAV बराव
5,54,422,25842,BARSU बार्सू
5,54,422,25843,BASHTI बस्ती
5,54,422,25986,BAWAI बावई
5,54,422,25844,BEENA गया एक
5,54,422,25845,BHAISGAON भैसगांव
5,54,422,25846,BHARAJ भारज
5,54,422,25847,BHATWARI भटवारी
5,54,422,25848,BHATWARI SUNAR भटवारी सुनार
5,54,422,25849,BHAUNSAL भौंसाल